[debug] [2025-02-13T06:49:44.265Z] ----------------------------------------------------------------------
[debug] [2025-02-13T06:49:44.271Z] Command:       /Users/sorinbucse/.nvm/versions/node/v22.14.0/bin/node /usr/local/bin/firebase deploy --only functions
[debug] [2025-02-13T06:49:44.271Z] CLI Version:   13.29.1
[debug] [2025-02-13T06:49:44.271Z] Platform:      darwin
[debug] [2025-02-13T06:49:44.271Z] Node Version:  v22.14.0
[debug] [2025-02-13T06:49:44.271Z] Time:          Wed Feb 12 2025 22:49:44 GMT-0800 (Pacific Standard Time)
[debug] [2025-02-13T06:49:44.272Z] ----------------------------------------------------------------------
[debug] 
[debug] [2025-02-13T06:49:44.304Z] > command requires scopes: ["email","openid","https://www.googleapis.com/auth/cloudplatformprojects.readonly","https://www.googleapis.com/auth/firebase","https://www.googleapis.com/auth/cloud-platform"]
[debug] [2025-02-13T06:49:44.304Z] > authorizing via signed-in user (seattlerealestatephoto@gmail.com)
[debug] [2025-02-13T06:49:44.304Z] [iam] checking project remp-193ad for permissions ["cloudfunctions.functions.create","cloudfunctions.functions.delete","cloudfunctions.functions.get","cloudfunctions.functions.list","cloudfunctions.functions.update","cloudfunctions.operations.get","firebase.projects.get"]
[debug] [2025-02-13T06:49:44.305Z] Checked if tokens are valid: true, expires at: 1739432673125
[debug] [2025-02-13T06:49:44.305Z] Checked if tokens are valid: true, expires at: 1739432673125
[debug] [2025-02-13T06:49:44.305Z] >>> [apiv2][query] POST https://cloudresourcemanager.googleapis.com/v1/projects/remp-193ad:testIamPermissions [none]
[debug] [2025-02-13T06:49:44.305Z] >>> [apiv2][(partial)header] POST https://cloudresourcemanager.googleapis.com/v1/projects/remp-193ad:testIamPermissions x-goog-quota-user=projects/remp-193ad
[debug] [2025-02-13T06:49:44.305Z] >>> [apiv2][body] POST https://cloudresourcemanager.googleapis.com/v1/projects/remp-193ad:testIamPermissions {"permissions":["cloudfunctions.functions.create","cloudfunctions.functions.delete","cloudfunctions.functions.get","cloudfunctions.functions.list","cloudfunctions.functions.update","cloudfunctions.operations.get","firebase.projects.get"]}
[debug] [2025-02-13T06:49:44.472Z] <<< [apiv2][status] POST https://cloudresourcemanager.googleapis.com/v1/projects/remp-193ad:testIamPermissions 200
[debug] [2025-02-13T06:49:44.472Z] <<< [apiv2][body] POST https://cloudresourcemanager.googleapis.com/v1/projects/remp-193ad:testIamPermissions {"permissions":["cloudfunctions.functions.create","cloudfunctions.functions.delete","cloudfunctions.functions.get","cloudfunctions.functions.list","cloudfunctions.functions.update","cloudfunctions.operations.get","firebase.projects.get"]}
[debug] [2025-02-13T06:49:44.472Z] Checked if tokens are valid: true, expires at: 1739432673125
[debug] [2025-02-13T06:49:44.472Z] Checked if tokens are valid: true, expires at: 1739432673125
[debug] [2025-02-13T06:49:44.472Z] >>> [apiv2][query] POST https://iam.googleapis.com/v1/projects/remp-193ad/serviceAccounts/remp-193ad@appspot.gserviceaccount.com:testIamPermissions [none]
[debug] [2025-02-13T06:49:44.473Z] >>> [apiv2][body] POST https://iam.googleapis.com/v1/projects/remp-193ad/serviceAccounts/remp-193ad@appspot.gserviceaccount.com:testIamPermissions {"permissions":["iam.serviceAccounts.actAs"]}
[debug] [2025-02-13T06:49:44.650Z] <<< [apiv2][status] POST https://iam.googleapis.com/v1/projects/remp-193ad/serviceAccounts/remp-193ad@appspot.gserviceaccount.com:testIamPermissions 200
[debug] [2025-02-13T06:49:44.650Z] <<< [apiv2][body] POST https://iam.googleapis.com/v1/projects/remp-193ad/serviceAccounts/remp-193ad@appspot.gserviceaccount.com:testIamPermissions {"permissions":["iam.serviceAccounts.actAs"]}
[info] 
[info] === Deploying to 'remp-193ad'...
[info] 
[info] i  deploying functions 
[info] Running command: npm --prefix "$RESOURCE_DIR" run lint
[info] Running command: npm --prefix "$RESOURCE_DIR" run build
[info] ✔  functions: Finished running predeploy script. 
[debug] [2025-02-13T06:49:49.919Z] Checked if tokens are valid: true, expires at: 1739432673125
[debug] [2025-02-13T06:49:49.919Z] Checked if tokens are valid: true, expires at: 1739432673125
[debug] [2025-02-13T06:49:49.919Z] >>> [apiv2][query] GET https://cloudresourcemanager.googleapis.com/v1/projects/remp-193ad [none]
[debug] [2025-02-13T06:49:50.111Z] <<< [apiv2][status] GET https://cloudresourcemanager.googleapis.com/v1/projects/remp-193ad 200
[debug] [2025-02-13T06:49:50.112Z] <<< [apiv2][body] GET https://cloudresourcemanager.googleapis.com/v1/projects/remp-193ad {"projectNumber":"646809599927","projectId":"remp-193ad","lifecycleState":"ACTIVE","name":"REMP","labels":{"firebase":"enabled","firebase-core":"disabled"},"createTime":"2025-02-12T07:23:03.166158Z"}
[info] i  functions: preparing codebase default for deployment 
[info] i  functions: ensuring required API cloudfunctions.googleapis.com is enabled... 
[debug] [2025-02-13T06:49:50.113Z] Checked if tokens are valid: true, expires at: 1739432673125
[debug] [2025-02-13T06:49:50.113Z] Checked if tokens are valid: true, expires at: 1739432673125
[debug] [2025-02-13T06:49:50.113Z] Checked if tokens are valid: true, expires at: 1739432673125
[debug] [2025-02-13T06:49:50.113Z] Checked if tokens are valid: true, expires at: 1739432673125
[info] i  functions: ensuring required API cloudbuild.googleapis.com is enabled... 
[debug] [2025-02-13T06:49:50.114Z] Checked if tokens are valid: true, expires at: 1739432673125
[debug] [2025-02-13T06:49:50.114Z] Checked if tokens are valid: true, expires at: 1739432673125
[info] i  artifactregistry: ensuring required API artifactregistry.googleapis.com is enabled... 
[debug] [2025-02-13T06:49:50.114Z] Checked if tokens are valid: true, expires at: 1739432673125
[debug] [2025-02-13T06:49:50.114Z] Checked if tokens are valid: true, expires at: 1739432673125
[debug] [2025-02-13T06:49:50.114Z] >>> [apiv2][query] GET https://serviceusage.googleapis.com/v1/projects/remp-193ad/services/cloudfunctions.googleapis.com [none]
[debug] [2025-02-13T06:49:50.114Z] >>> [apiv2][(partial)header] GET https://serviceusage.googleapis.com/v1/projects/remp-193ad/services/cloudfunctions.googleapis.com x-goog-quota-user=projects/remp-193ad
[debug] [2025-02-13T06:49:50.115Z] >>> [apiv2][query] GET https://serviceusage.googleapis.com/v1/projects/remp-193ad/services/runtimeconfig.googleapis.com [none]
[debug] [2025-02-13T06:49:50.115Z] >>> [apiv2][(partial)header] GET https://serviceusage.googleapis.com/v1/projects/remp-193ad/services/runtimeconfig.googleapis.com x-goog-quota-user=projects/remp-193ad
[debug] [2025-02-13T06:49:50.116Z] >>> [apiv2][query] GET https://serviceusage.googleapis.com/v1/projects/remp-193ad/services/cloudbuild.googleapis.com [none]
[debug] [2025-02-13T06:49:50.116Z] >>> [apiv2][(partial)header] GET https://serviceusage.googleapis.com/v1/projects/remp-193ad/services/cloudbuild.googleapis.com x-goog-quota-user=projects/remp-193ad
[debug] [2025-02-13T06:49:50.117Z] >>> [apiv2][query] GET https://serviceusage.googleapis.com/v1/projects/remp-193ad/services/artifactregistry.googleapis.com [none]
[debug] [2025-02-13T06:49:50.117Z] >>> [apiv2][(partial)header] GET https://serviceusage.googleapis.com/v1/projects/remp-193ad/services/artifactregistry.googleapis.com x-goog-quota-user=projects/remp-193ad
[debug] [2025-02-13T06:49:50.420Z] <<< [apiv2][status] GET https://serviceusage.googleapis.com/v1/projects/remp-193ad/services/artifactregistry.googleapis.com 200
[debug] [2025-02-13T06:49:50.421Z] <<< [apiv2][body] GET https://serviceusage.googleapis.com/v1/projects/remp-193ad/services/artifactregistry.googleapis.com [omitted]
[info] ✔  artifactregistry: required API artifactregistry.googleapis.com is enabled 
[debug] [2025-02-13T06:49:50.625Z] <<< [apiv2][status] GET https://serviceusage.googleapis.com/v1/projects/remp-193ad/services/runtimeconfig.googleapis.com 200
[debug] [2025-02-13T06:49:50.625Z] <<< [apiv2][body] GET https://serviceusage.googleapis.com/v1/projects/remp-193ad/services/runtimeconfig.googleapis.com [omitted]
[debug] [2025-02-13T06:49:50.632Z] <<< [apiv2][status] GET https://serviceusage.googleapis.com/v1/projects/remp-193ad/services/cloudfunctions.googleapis.com 200
[debug] [2025-02-13T06:49:50.633Z] <<< [apiv2][body] GET https://serviceusage.googleapis.com/v1/projects/remp-193ad/services/cloudfunctions.googleapis.com [omitted]
[info] ✔  functions: required API cloudfunctions.googleapis.com is enabled 
[debug] [2025-02-13T06:49:50.634Z] <<< [apiv2][status] GET https://serviceusage.googleapis.com/v1/projects/remp-193ad/services/cloudbuild.googleapis.com 200
[debug] [2025-02-13T06:49:50.634Z] <<< [apiv2][body] GET https://serviceusage.googleapis.com/v1/projects/remp-193ad/services/cloudbuild.googleapis.com [omitted]
[info] ✔  functions: required API cloudbuild.googleapis.com is enabled 
[debug] [2025-02-13T06:49:50.634Z] Checked if tokens are valid: true, expires at: 1739432673125
[debug] [2025-02-13T06:49:50.634Z] Checked if tokens are valid: true, expires at: 1739432673125
[debug] [2025-02-13T06:49:50.635Z] >>> [apiv2][query] GET https://firebase.googleapis.com/v1beta1/projects/remp-193ad/adminSdkConfig [none]
[debug] [2025-02-13T06:49:51.132Z] <<< [apiv2][status] GET https://firebase.googleapis.com/v1beta1/projects/remp-193ad/adminSdkConfig 200
[debug] [2025-02-13T06:49:51.132Z] <<< [apiv2][body] GET https://firebase.googleapis.com/v1beta1/projects/remp-193ad/adminSdkConfig {"projectId":"remp-193ad","storageBucket":"remp-193ad.firebasestorage.app"}
[debug] [2025-02-13T06:49:51.133Z] Checked if tokens are valid: true, expires at: 1739432673125
[debug] [2025-02-13T06:49:51.133Z] Checked if tokens are valid: true, expires at: 1739432673125
[debug] [2025-02-13T06:49:51.133Z] >>> [apiv2][query] GET https://runtimeconfig.googleapis.com/v1beta1/projects/remp-193ad/configs [none]
[debug] [2025-02-13T06:49:51.377Z] <<< [apiv2][status] GET https://runtimeconfig.googleapis.com/v1beta1/projects/remp-193ad/configs 200
[debug] [2025-02-13T06:49:51.377Z] <<< [apiv2][body] GET https://runtimeconfig.googleapis.com/v1beta1/projects/remp-193ad/configs {"configs":[{"name":"projects/remp-193ad/configs/email"}]}
[debug] [2025-02-13T06:49:51.378Z] Checked if tokens are valid: true, expires at: 1739432673125
[debug] [2025-02-13T06:49:51.378Z] Checked if tokens are valid: true, expires at: 1739432673125
[debug] [2025-02-13T06:49:51.378Z] >>> [apiv2][query] GET https://runtimeconfig.googleapis.com/v1beta1/projects/remp-193ad/configs/email/variables [none]
[debug] [2025-02-13T06:49:51.530Z] <<< [apiv2][status] GET https://runtimeconfig.googleapis.com/v1beta1/projects/remp-193ad/configs/email/variables 200
[debug] [2025-02-13T06:49:51.531Z] <<< [apiv2][body] GET https://runtimeconfig.googleapis.com/v1beta1/projects/remp-193ad/configs/email/variables {"variables":[{"name":"projects/remp-193ad/configs/email/variables/pass","updateTime":"2025-02-13T06:22:25.020432767Z"},{"name":"projects/remp-193ad/configs/email/variables/user","updateTime":"2025-02-13T06:22:24.288445097Z"}]}
[debug] [2025-02-13T06:49:51.531Z] Checked if tokens are valid: true, expires at: 1739432673125
[debug] [2025-02-13T06:49:51.531Z] Checked if tokens are valid: true, expires at: 1739432673125
[debug] [2025-02-13T06:49:51.532Z] Checked if tokens are valid: true, expires at: 1739432673125
[debug] [2025-02-13T06:49:51.532Z] Checked if tokens are valid: true, expires at: 1739432673125
[debug] [2025-02-13T06:49:51.532Z] >>> [apiv2][query] GET https://runtimeconfig.googleapis.com/v1beta1/projects/remp-193ad/configs/email/variables/pass [none]
[debug] [2025-02-13T06:49:51.532Z] >>> [apiv2][query] GET https://runtimeconfig.googleapis.com/v1beta1/projects/remp-193ad/configs/email/variables/user [none]
[debug] [2025-02-13T06:49:51.650Z] <<< [apiv2][status] GET https://runtimeconfig.googleapis.com/v1beta1/projects/remp-193ad/configs/email/variables/pass 200
[debug] [2025-02-13T06:49:51.650Z] <<< [apiv2][body] GET https://runtimeconfig.googleapis.com/v1beta1/projects/remp-193ad/configs/email/variables/pass {"name":"projects/remp-193ad/configs/email/variables/pass","updateTime":"2025-02-13T06:22:25.020432767Z","text":"wdyk eaac qhea yhws"}
[debug] [2025-02-13T06:49:51.706Z] <<< [apiv2][status] GET https://runtimeconfig.googleapis.com/v1beta1/projects/remp-193ad/configs/email/variables/user 200
[debug] [2025-02-13T06:49:51.706Z] <<< [apiv2][body] GET https://runtimeconfig.googleapis.com/v1beta1/projects/remp-193ad/configs/email/variables/user {"name":"projects/remp-193ad/configs/email/variables/user","updateTime":"2025-02-13T06:22:24.288445097Z","text":"seattlerealestatephoto@gmail.com"}
[debug] [2025-02-13T06:49:51.709Z] Validating nodejs source
[debug] [2025-02-13T06:49:52.162Z] > [functions] package.json contents: {
  "name": "functions",
  "scripts": {
    "lint": "eslint --ext .js,.ts .",
    "build": "tsc",
    "build:watch": "tsc --watch",
    "serve": "npm run build && firebase emulators:start --only functions",
    "shell": "npm run build && firebase functions:shell",
    "start": "npm run shell",
    "deploy": "firebase deploy --only functions",
    "logs": "firebase functions:log"
  },
  "engines": {
    "node": "22"
  },
  "main": "lib/index.js",
  "dependencies": {
    "dotenv": "^16.4.7",
    "firebase-admin": "^12.6.0",
    "firebase-functions": "^6.0.1"
  },
  "devDependencies": {
    "@typescript-eslint/eslint-plugin": "^5.12.0",
    "@typescript-eslint/parser": "^5.12.0",
    "eslint": "^8.9.0",
    "eslint-config-google": "^0.14.0",
    "eslint-plugin-import": "^2.25.4",
    "firebase-functions-test": "^3.1.0",
    "typescript": "^4.9.0"
  },
  "private": true
}
[debug] [2025-02-13T06:49:52.163Z] Building nodejs source
[info] i  functions: Loading and analyzing source code for codebase default to determine what to deploy 
[debug] [2025-02-13T06:49:52.163Z] Could not find functions.yaml. Must use http discovery
[debug] [2025-02-13T06:49:52.169Z] Found firebase-functions binary at '/Users/sorinbucse/Documents/GIT/estatemediapros/functions/node_modules/.bin/firebase-functions'
[info] Serving at port 8011

[debug] [2025-02-13T06:49:52.455Z] Got response from /__/functions.yaml {"endpoints":{"sendContactEmail":{"availableMemoryMb":null,"timeoutSeconds":null,"minInstances":null,"maxInstances":null,"ingressSettings":null,"concurrency":null,"serviceAccountEmail":null,"vpc":null,"platform":"gcfv2","labels":{},"httpsTrigger":{},"entryPoint":"sendContactEmail"},"sendOrderEmail":{"availableMemoryMb":null,"timeoutSeconds":null,"minInstances":null,"maxInstances":null,"ingressSettings":null,"concurrency":null,"serviceAccountEmail":null,"vpc":null,"platform":"gcfv2","labels":{},"httpsTrigger":{},"entryPoint":"sendOrderEmail"}},"specVersion":"v1alpha1","requiredAPIs":[],"extensions":{}}
[info] i  extensions: ensuring required API firebaseextensions.googleapis.com is enabled... 
[debug] [2025-02-13T06:49:56.475Z] Checked if tokens are valid: true, expires at: 1739432673125
[debug] [2025-02-13T06:49:56.476Z] Checked if tokens are valid: true, expires at: 1739432673125
[debug] [2025-02-13T06:49:56.476Z] >>> [apiv2][query] GET https://serviceusage.googleapis.com/v1/projects/remp-193ad/services/firebaseextensions.googleapis.com [none]
[debug] [2025-02-13T06:49:56.476Z] >>> [apiv2][(partial)header] GET https://serviceusage.googleapis.com/v1/projects/remp-193ad/services/firebaseextensions.googleapis.com x-goog-quota-user=projects/remp-193ad
[debug] [2025-02-13T06:49:56.938Z] <<< [apiv2][status] GET https://serviceusage.googleapis.com/v1/projects/remp-193ad/services/firebaseextensions.googleapis.com 200
[debug] [2025-02-13T06:49:56.939Z] <<< [apiv2][body] GET https://serviceusage.googleapis.com/v1/projects/remp-193ad/services/firebaseextensions.googleapis.com [omitted]
[info] ✔  extensions: required API firebaseextensions.googleapis.com is enabled 
[debug] [2025-02-13T06:49:56.939Z] > command requires scopes: ["email","openid","https://www.googleapis.com/auth/cloudplatformprojects.readonly","https://www.googleapis.com/auth/firebase","https://www.googleapis.com/auth/cloud-platform"]
[debug] [2025-02-13T06:49:56.940Z] > authorizing via signed-in user (seattlerealestatephoto@gmail.com)
[debug] [2025-02-13T06:49:56.940Z] [iam] checking project remp-193ad for permissions ["firebase.projects.get","firebaseextensions.instances.list"]
[debug] [2025-02-13T06:49:56.940Z] Checked if tokens are valid: true, expires at: 1739432673125
[debug] [2025-02-13T06:49:56.940Z] Checked if tokens are valid: true, expires at: 1739432673125
[debug] [2025-02-13T06:49:56.940Z] >>> [apiv2][query] POST https://cloudresourcemanager.googleapis.com/v1/projects/remp-193ad:testIamPermissions [none]
[debug] [2025-02-13T06:49:56.940Z] >>> [apiv2][(partial)header] POST https://cloudresourcemanager.googleapis.com/v1/projects/remp-193ad:testIamPermissions x-goog-quota-user=projects/remp-193ad
[debug] [2025-02-13T06:49:56.940Z] >>> [apiv2][body] POST https://cloudresourcemanager.googleapis.com/v1/projects/remp-193ad:testIamPermissions {"permissions":["firebase.projects.get","firebaseextensions.instances.list"]}
[debug] [2025-02-13T06:49:57.060Z] <<< [apiv2][status] POST https://cloudresourcemanager.googleapis.com/v1/projects/remp-193ad:testIamPermissions 200
[debug] [2025-02-13T06:49:57.061Z] <<< [apiv2][body] POST https://cloudresourcemanager.googleapis.com/v1/projects/remp-193ad:testIamPermissions {"permissions":["firebase.projects.get","firebaseextensions.instances.list"]}
[debug] [2025-02-13T06:49:57.061Z] Checked if tokens are valid: true, expires at: 1739432673125
[debug] [2025-02-13T06:49:57.061Z] Checked if tokens are valid: true, expires at: 1739432673125
[debug] [2025-02-13T06:49:57.062Z] >>> [apiv2][query] GET https://firebaseextensions.googleapis.com/v1beta/projects/remp-193ad/instances pageSize=100&pageToken=
[debug] [2025-02-13T06:49:57.517Z] <<< [apiv2][status] GET https://firebaseextensions.googleapis.com/v1beta/projects/remp-193ad/instances 200
[debug] [2025-02-13T06:49:57.517Z] <<< [apiv2][body] GET https://firebaseextensions.googleapis.com/v1beta/projects/remp-193ad/instances {}
[info] i  functions: Loaded environment variables from .env. 
[info] i  functions: preparing functions directory for uploading... 
[info] i  functions: packaged /Users/sorinbucse/Documents/GIT/estatemediapros/functions (93.98 KB) for uploading 
[debug] [2025-02-13T06:49:57.560Z] Checked if tokens are valid: true, expires at: 1739432673125
[debug] [2025-02-13T06:49:57.560Z] Checked if tokens are valid: true, expires at: 1739432673125
[debug] [2025-02-13T06:49:57.560Z] >>> [apiv2][query] GET https://cloudfunctions.googleapis.com/v1/projects/remp-193ad/locations/-/functions [none]
[debug] [2025-02-13T06:49:58.165Z] <<< [apiv2][status] GET https://cloudfunctions.googleapis.com/v1/projects/remp-193ad/locations/-/functions 200
[debug] [2025-02-13T06:49:58.165Z] <<< [apiv2][body] GET https://cloudfunctions.googleapis.com/v1/projects/remp-193ad/locations/-/functions {}
[debug] [2025-02-13T06:49:58.166Z] Checked if tokens are valid: true, expires at: 1739432673125
[debug] [2025-02-13T06:49:58.166Z] Checked if tokens are valid: true, expires at: 1739432673125
[debug] [2025-02-13T06:49:58.166Z] >>> [apiv2][query] GET https://cloudfunctions.googleapis.com/v2/projects/remp-193ad/locations/-/functions filter=environment%3D%22GEN_2%22
[debug] [2025-02-13T06:49:58.786Z] <<< [apiv2][status] GET https://cloudfunctions.googleapis.com/v2/projects/remp-193ad/locations/-/functions 200
[debug] [2025-02-13T06:49:58.786Z] <<< [apiv2][body] GET https://cloudfunctions.googleapis.com/v2/projects/remp-193ad/locations/-/functions {"functions":[{"name":"projects/remp-193ad/locations/us-central1/functions/sendContactEmail","buildConfig":{"runtime":"nodejs22","entryPoint":"sendContactEmail","source":{"storageSource":{"bucket":"gcf-v2-sources-646809599927-us-central1","object":"sendContactEmail/function-source.zip","generation":"1739427226096078"}},"environmentVariables":{"GOOGLE_NODE_RUN_SCRIPTS":""},"dockerRepository":"projects/remp-193ad/locations/us-central1/repositories/gcf-artifacts","sourceProvenance":{},"dockerRegistry":"ARTIFACT_REGISTRY","serviceAccount":"projects/remp-193ad/serviceAccounts/646809599927-compute@developer.gserviceaccount.com","automaticUpdatePolicy":{}},"state":"FAILED","updateTime":"2025-02-13T06:13:59.110733268Z","labels":{"deployment-tool":"cli-firebase","firebase-functions-hash":"6a1cf7bc61fcfc36e4ae157aba5b1c77488d8eec"},"stateMessages":[{"severity":"ERROR","type":"CloudRunServiceNotFound","message":"Cloud Run service projects/remp-193ad/locations/us-central1/services/sendcontactemail for the function was not found. The function will not work correctly. Please redeploy."}],"environment":"GEN_2","url":"https://us-central1-remp-193ad.cloudfunctions.net/sendContactEmail","createTime":"2025-02-13T06:13:46.366467144Z","satisfiesPzi":true},{"name":"projects/remp-193ad/locations/us-central1/functions/sendOrderEmail","buildConfig":{"build":"projects/646809599927/locations/us-central1/builds/dbf0674c-3c19-4be7-b59a-cc8f96572e9a","runtime":"nodejs22","entryPoint":"sendOrderEmail","source":{"storageSource":{"bucket":"gcf-v2-sources-646809599927-us-central1","object":"sendOrderEmail/function-source.zip","generation":"1739427244202247"}},"environmentVariables":{"GOOGLE_NODE_RUN_SCRIPTS":""},"dockerRepository":"projects/remp-193ad/locations/us-central1/repositories/gcf-artifacts","sourceProvenance":{"resolvedStorageSource":{"bucket":"gcf-v2-sources-646809599927-us-central1","object":"sendOrderEmail/function-source.zip","generation":"1739427244202247"}},"dockerRegistry":"ARTIFACT_REGISTRY","serviceAccount":"projects/remp-193ad/serviceAccounts/646809599927-compute@developer.gserviceaccount.com","automaticUpdatePolicy":{}},"state":"FAILED","updateTime":"2025-02-13T06:15:12.248473009Z","labels":{"deployment-tool":"cli-firebase","firebase-functions-hash":"6a1cf7bc61fcfc36e4ae157aba5b1c77488d8eec"},"stateMessages":[{"severity":"ERROR","type":"CloudRunServiceNotFound","message":"Cloud Run service projects/remp-193ad/locations/us-central1/services/sendorderemail for the function was not found. The function will not work correctly. Please redeploy."}],"environment":"GEN_2","url":"https://us-central1-remp-193ad.cloudfunctions.net/sendOrderEmail","createTime":"2025-02-13T06:14:04.476082880Z","satisfiesPzi":true}]}
[info] i  functions: ensuring required API run.googleapis.com is enabled... 
[debug] [2025-02-13T06:49:58.787Z] Checked if tokens are valid: true, expires at: 1739432673125
[debug] [2025-02-13T06:49:58.787Z] Checked if tokens are valid: true, expires at: 1739432673125
[info] i  functions: ensuring required API eventarc.googleapis.com is enabled... 
[debug] [2025-02-13T06:49:58.787Z] Checked if tokens are valid: true, expires at: 1739432673125
[debug] [2025-02-13T06:49:58.787Z] Checked if tokens are valid: true, expires at: 1739432673125
[info] i  functions: ensuring required API pubsub.googleapis.com is enabled... 
[debug] [2025-02-13T06:49:58.787Z] Checked if tokens are valid: true, expires at: 1739432673125
[debug] [2025-02-13T06:49:58.787Z] Checked if tokens are valid: true, expires at: 1739432673125
[info] i  functions: ensuring required API storage.googleapis.com is enabled... 
[debug] [2025-02-13T06:49:58.787Z] Checked if tokens are valid: true, expires at: 1739432673125
[debug] [2025-02-13T06:49:58.787Z] Checked if tokens are valid: true, expires at: 1739432673125
[debug] [2025-02-13T06:49:58.787Z] >>> [apiv2][query] GET https://serviceusage.googleapis.com/v1/projects/remp-193ad/services/run.googleapis.com [none]
[debug] [2025-02-13T06:49:58.787Z] >>> [apiv2][(partial)header] GET https://serviceusage.googleapis.com/v1/projects/remp-193ad/services/run.googleapis.com x-goog-quota-user=projects/remp-193ad
[debug] [2025-02-13T06:49:58.788Z] >>> [apiv2][query] GET https://serviceusage.googleapis.com/v1/projects/remp-193ad/services/eventarc.googleapis.com [none]
[debug] [2025-02-13T06:49:58.788Z] >>> [apiv2][(partial)header] GET https://serviceusage.googleapis.com/v1/projects/remp-193ad/services/eventarc.googleapis.com x-goog-quota-user=projects/remp-193ad
[debug] [2025-02-13T06:49:58.789Z] >>> [apiv2][query] GET https://serviceusage.googleapis.com/v1/projects/remp-193ad/services/pubsub.googleapis.com [none]
[debug] [2025-02-13T06:49:58.789Z] >>> [apiv2][(partial)header] GET https://serviceusage.googleapis.com/v1/projects/remp-193ad/services/pubsub.googleapis.com x-goog-quota-user=projects/remp-193ad
[debug] [2025-02-13T06:49:58.790Z] >>> [apiv2][query] GET https://serviceusage.googleapis.com/v1/projects/remp-193ad/services/storage.googleapis.com [none]
[debug] [2025-02-13T06:49:58.790Z] >>> [apiv2][(partial)header] GET https://serviceusage.googleapis.com/v1/projects/remp-193ad/services/storage.googleapis.com x-goog-quota-user=projects/remp-193ad
[debug] [2025-02-13T06:49:59.193Z] <<< [apiv2][status] GET https://serviceusage.googleapis.com/v1/projects/remp-193ad/services/run.googleapis.com 200
[debug] [2025-02-13T06:49:59.194Z] <<< [apiv2][body] GET https://serviceusage.googleapis.com/v1/projects/remp-193ad/services/run.googleapis.com [omitted]
[info] ✔  functions: required API run.googleapis.com is enabled 
[debug] [2025-02-13T06:49:59.231Z] <<< [apiv2][status] GET https://serviceusage.googleapis.com/v1/projects/remp-193ad/services/eventarc.googleapis.com 200
[debug] [2025-02-13T06:49:59.232Z] <<< [apiv2][body] GET https://serviceusage.googleapis.com/v1/projects/remp-193ad/services/eventarc.googleapis.com [omitted]
[info] ✔  functions: required API eventarc.googleapis.com is enabled 
[debug] [2025-02-13T06:49:59.242Z] <<< [apiv2][status] GET https://serviceusage.googleapis.com/v1/projects/remp-193ad/services/pubsub.googleapis.com 200
[debug] [2025-02-13T06:49:59.242Z] <<< [apiv2][body] GET https://serviceusage.googleapis.com/v1/projects/remp-193ad/services/pubsub.googleapis.com [omitted]
[info] ✔  functions: required API pubsub.googleapis.com is enabled 
[debug] [2025-02-13T06:49:59.280Z] <<< [apiv2][status] GET https://serviceusage.googleapis.com/v1/projects/remp-193ad/services/storage.googleapis.com 200
[debug] [2025-02-13T06:49:59.280Z] <<< [apiv2][body] GET https://serviceusage.googleapis.com/v1/projects/remp-193ad/services/storage.googleapis.com [omitted]
[info] ✔  functions: required API storage.googleapis.com is enabled 
[info] i  functions: generating the service identity for pubsub.googleapis.com... 
[debug] [2025-02-13T06:49:59.281Z] Checked if tokens are valid: true, expires at: 1739432673125
[debug] [2025-02-13T06:49:59.281Z] Checked if tokens are valid: true, expires at: 1739432673125
[info] i  functions: generating the service identity for eventarc.googleapis.com... 
[debug] [2025-02-13T06:49:59.281Z] Checked if tokens are valid: true, expires at: 1739432673125
[debug] [2025-02-13T06:49:59.281Z] Checked if tokens are valid: true, expires at: 1739432673125
[debug] [2025-02-13T06:49:59.281Z] >>> [apiv2][query] POST https://serviceusage.googleapis.com/v1beta1/projects/646809599927/services/pubsub.googleapis.com:generateServiceIdentity [none]
[debug] [2025-02-13T06:49:59.282Z] >>> [apiv2][query] POST https://serviceusage.googleapis.com/v1beta1/projects/646809599927/services/eventarc.googleapis.com:generateServiceIdentity [none]
[debug] [2025-02-13T06:49:59.580Z] <<< [apiv2][status] POST https://serviceusage.googleapis.com/v1beta1/projects/646809599927/services/pubsub.googleapis.com:generateServiceIdentity 200
[debug] [2025-02-13T06:49:59.581Z] <<< [apiv2][body] POST https://serviceusage.googleapis.com/v1beta1/projects/646809599927/services/pubsub.googleapis.com:generateServiceIdentity {"name":"operations/finished.DONE_OPERATION","done":true,"response":{"@type":"type.googleapis.com/google.api.serviceusage.v1beta1.ServiceIdentity","email":"service-646809599927@gcp-sa-pubsub.iam.gserviceaccount.com","uniqueId":"100264071504987208005"}}
[debug] [2025-02-13T06:49:59.582Z] <<< [apiv2][status] POST https://serviceusage.googleapis.com/v1beta1/projects/646809599927/services/eventarc.googleapis.com:generateServiceIdentity 200
[debug] [2025-02-13T06:49:59.582Z] <<< [apiv2][body] POST https://serviceusage.googleapis.com/v1beta1/projects/646809599927/services/eventarc.googleapis.com:generateServiceIdentity {"name":"operations/finished.DONE_OPERATION","done":true,"response":{"@type":"type.googleapis.com/google.api.serviceusage.v1beta1.ServiceIdentity","email":"service-646809599927@gcp-sa-eventarc.iam.gserviceaccount.com","uniqueId":"101579278149209359620"}}
[debug] [2025-02-13T06:49:59.584Z] Checked if tokens are valid: true, expires at: 1739432673125
[debug] [2025-02-13T06:49:59.584Z] Checked if tokens are valid: true, expires at: 1739432673125
[debug] [2025-02-13T06:49:59.584Z] >>> [apiv2][query] GET https://cloudresourcemanager.googleapis.com/v1/projects/remp-193ad [none]
[debug] [2025-02-13T06:49:59.679Z] <<< [apiv2][status] GET https://cloudresourcemanager.googleapis.com/v1/projects/remp-193ad 200
[debug] [2025-02-13T06:49:59.679Z] <<< [apiv2][body] GET https://cloudresourcemanager.googleapis.com/v1/projects/remp-193ad {"projectNumber":"646809599927","projectId":"remp-193ad","lifecycleState":"ACTIVE","name":"REMP","labels":{"firebase":"enabled","firebase-core":"disabled"},"createTime":"2025-02-12T07:23:03.166158Z"}
[debug] [2025-02-13T06:49:59.681Z] Checked if tokens are valid: true, expires at: 1739432673125
[debug] [2025-02-13T06:49:59.681Z] Checked if tokens are valid: true, expires at: 1739432673125
[debug] [2025-02-13T06:49:59.681Z] >>> [apiv2][query] GET https://cloudbilling.googleapis.com/v1/projects/remp-193ad/billingInfo [none]
[debug] [2025-02-13T06:50:00.139Z] <<< [apiv2][status] GET https://cloudbilling.googleapis.com/v1/projects/remp-193ad/billingInfo 200
[debug] [2025-02-13T06:50:00.139Z] <<< [apiv2][body] GET https://cloudbilling.googleapis.com/v1/projects/remp-193ad/billingInfo {"name":"projects/remp-193ad/billingInfo","projectId":"remp-193ad","billingAccountName":"billingAccounts/01561E-D59653-F11E21","billingEnabled":true}
[debug] [2025-02-13T06:50:00.141Z] Checked if tokens are valid: true, expires at: 1739432673125
[debug] [2025-02-13T06:50:00.141Z] Checked if tokens are valid: true, expires at: 1739432673125
[debug] [2025-02-13T06:50:00.142Z] >>> [apiv2][query] POST https://cloudfunctions.googleapis.com/v2/projects/remp-193ad/locations/us-central1/functions:generateUploadUrl [none]
[debug] [2025-02-13T06:50:00.931Z] <<< [apiv2][status] POST https://cloudfunctions.googleapis.com/v2/projects/remp-193ad/locations/us-central1/functions:generateUploadUrl 200
[debug] [2025-02-13T06:50:00.931Z] <<< [apiv2][body] POST https://cloudfunctions.googleapis.com/v2/projects/remp-193ad/locations/us-central1/functions:generateUploadUrl {"uploadUrl":"https://storage.googleapis.com/gcf-v2-uploads-646809599927.us-central1.cloudfunctions.appspot.com/838de002-b9c0-46d0-8f1e-75d27a6ca90d.zip?GoogleAccessId=service-646809599927@gcf-admin-robot.iam.gserviceaccount.com&Expires=1739431200&Signature=h2CTIpSaE%2BPJDUFphKyy6A%2FBlG6DnVYH45GfjxCaKS0Y%2B0HZW7dvhczwruseJ1ibGOKpb1AyULOwFK7B9dlOtiLSdlc%2FlVUHztaMxr2ueZqgLHlTjArcsWfV%2BHZI7w2hdVaNnyO%2FDahd1uMgMdRMeCLwPGTh8qoHJghNEtfESDsfU4V2S90yWdWoW%2B73jPcrWdFj5ze4HZLlSGQ40%2BtyrptZd4AnOoSl0Dm8LR6XQHYEGida9toTxIJASsgED3cNTRTXocjZS6Nnlfquplshocod%2BrpPjTOvfXMLsQ%2BbgyGPBLmT0uH1cb4pro%2FFyIkXaLx9h83SQfYIWTqZjx6keQ%3D%3D","storageSource":{"bucket":"gcf-v2-uploads-646809599927.us-central1.cloudfunctions.appspot.com","object":"838de002-b9c0-46d0-8f1e-75d27a6ca90d.zip"}}
[debug] [2025-02-13T06:50:00.934Z] >>> [apiv2][query] PUT https://storage.googleapis.com/gcf-v2-uploads-646809599927.us-central1.cloudfunctions.appspot.com/838de002-b9c0-46d0-8f1e-75d27a6ca90d.zip GoogleAccessId=service-646809599927%40gcf-admin-robot.iam.gserviceaccount.com&Expires=1739431200&Signature=h2CTIpSaE%2BPJDUFphKyy6A%2FBlG6DnVYH45GfjxCaKS0Y%2B0HZW7dvhczwruseJ1ibGOKpb1AyULOwFK7B9dlOtiLSdlc%2FlVUHztaMxr2ueZqgLHlTjArcsWfV%2BHZI7w2hdVaNnyO%2FDahd1uMgMdRMeCLwPGTh8qoHJghNEtfESDsfU4V2S90yWdWoW%2B73jPcrWdFj5ze4HZLlSGQ40%2BtyrptZd4AnOoSl0Dm8LR6XQHYEGida9toTxIJASsgED3cNTRTXocjZS6Nnlfquplshocod%2BrpPjTOvfXMLsQ%2BbgyGPBLmT0uH1cb4pro%2FFyIkXaLx9h83SQfYIWTqZjx6keQ%3D%3D
[debug] [2025-02-13T06:50:00.934Z] >>> [apiv2][body] PUT https://storage.googleapis.com/gcf-v2-uploads-646809599927.us-central1.cloudfunctions.appspot.com/838de002-b9c0-46d0-8f1e-75d27a6ca90d.zip [stream]
[debug] [2025-02-13T06:50:01.548Z] <<< [apiv2][status] PUT https://storage.googleapis.com/gcf-v2-uploads-646809599927.us-central1.cloudfunctions.appspot.com/838de002-b9c0-46d0-8f1e-75d27a6ca90d.zip 200
[debug] [2025-02-13T06:50:01.548Z] <<< [apiv2][body] PUT https://storage.googleapis.com/gcf-v2-uploads-646809599927.us-central1.cloudfunctions.appspot.com/838de002-b9c0-46d0-8f1e-75d27a6ca90d.zip [omitted]
[info] ✔  functions: functions folder uploaded successfully 
[info] i  functions: updating Node.js 22 (2nd Gen) function sendContactEmail(us-central1)... 
[info] i  functions: updating Node.js 22 (2nd Gen) function sendOrderEmail(us-central1)... 
[debug] [2025-02-13T06:50:01.556Z] Checked if tokens are valid: true, expires at: 1739432673125
[debug] [2025-02-13T06:50:01.556Z] Checked if tokens are valid: true, expires at: 1739432673125
[debug] [2025-02-13T06:50:01.557Z] >>> [apiv2][query] PATCH https://cloudfunctions.googleapis.com/v2/projects/remp-193ad/locations/us-central1/functions/sendContactEmail updateMask=name%2CbuildConfig.runtime%2CbuildConfig.entryPoint%2CbuildConfig.source.storageSource.bucket%2CbuildConfig.source.storageSource.object%2CbuildConfig.environmentVariables%2CbuildConfig.sourceToken%2CserviceConfig.environmentVariables%2CserviceConfig.ingressSettings%2CserviceConfig.timeoutSeconds%2CserviceConfig.serviceAccountEmail%2CserviceConfig.availableMemory%2CserviceConfig.minInstanceCount%2CserviceConfig.maxInstanceCount%2CserviceConfig.maxInstanceRequestConcurrency%2CserviceConfig.availableCpu%2CserviceConfig.vpcConnector%2CserviceConfig.vpcConnectorEgressSettings%2Clabels%2CbuildConfig.buildEnvironmentVariables
[debug] [2025-02-13T06:50:01.557Z] >>> [apiv2][body] PATCH https://cloudfunctions.googleapis.com/v2/projects/remp-193ad/locations/us-central1/functions/sendContactEmail {"name":"projects/remp-193ad/locations/us-central1/functions/sendContactEmail","buildConfig":{"runtime":"nodejs22","entryPoint":"sendContactEmail","source":{"storageSource":{"bucket":"gcf-v2-uploads-646809599927.us-central1.cloudfunctions.appspot.com","object":"838de002-b9c0-46d0-8f1e-75d27a6ca90d.zip"}},"environmentVariables":{"GOOGLE_NODE_RUN_SCRIPTS":""}},"serviceConfig":{"environmentVariables":{"EMAIL_USER":"seattlerealestatephoto@gmail.com","EMAIL_PASS":"wdyk eaac qhea yhws","FIREBASE_CONFIG":"{\"projectId\":\"remp-193ad\",\"storageBucket\":\"remp-193ad.firebasestorage.app\"}","GCLOUD_PROJECT":"remp-193ad","EVENTARC_CLOUD_EVENT_SOURCE":"projects/remp-193ad/locations/us-central1/services/sendContactEmail","FUNCTION_TARGET":"sendContactEmail"},"ingressSettings":null,"timeoutSeconds":null,"serviceAccountEmail":null,"availableMemory":"256Mi","minInstanceCount":null,"maxInstanceCount":null,"maxInstanceRequestConcurrency":80,"availableCpu":"1","vpcConnector":null,"vpcConnectorEgressSettings":null},"labels":{"deployment-tool":"cli-firebase","firebase-functions-hash":"e8ad3b0fa61d9786db9addf58be38cfd6b4a73d6"}}
[debug] [2025-02-13T06:50:02.793Z] <<< [apiv2][status] PATCH https://cloudfunctions.googleapis.com/v2/projects/remp-193ad/locations/us-central1/functions/sendContactEmail 200
[debug] [2025-02-13T06:50:02.793Z] <<< [apiv2][body] PATCH https://cloudfunctions.googleapis.com/v2/projects/remp-193ad/locations/us-central1/functions/sendContactEmail {"name":"projects/remp-193ad/locations/us-central1/operations/operation-1739429401886-62e00779c8073-50aec8e5-82146133","metadata":{"@type":"type.googleapis.com/google.cloud.functions.v2.OperationMetadata","createTime":"2025-02-13T06:50:02.817370017Z","target":"projects/remp-193ad/locations/us-central1/functions/sendContactEmail","verb":"update","cancelRequested":false,"apiVersion":"v2"},"done":false}
[debug] [2025-02-13T06:50:02.795Z] Checked if tokens are valid: true, expires at: 1739432673125
[debug] [2025-02-13T06:50:02.795Z] Checked if tokens are valid: true, expires at: 1739432673125
[debug] [2025-02-13T06:50:02.796Z] >>> [apiv2][query] GET https://cloudfunctions.googleapis.com/v2/projects/remp-193ad/locations/us-central1/operations/operation-1739429401886-62e00779c8073-50aec8e5-82146133 [none]
[debug] [2025-02-13T06:50:03.076Z] <<< [apiv2][status] GET https://cloudfunctions.googleapis.com/v2/projects/remp-193ad/locations/us-central1/operations/operation-1739429401886-62e00779c8073-50aec8e5-82146133 200
[debug] [2025-02-13T06:50:03.077Z] <<< [apiv2][body] GET https://cloudfunctions.googleapis.com/v2/projects/remp-193ad/locations/us-central1/operations/operation-1739429401886-62e00779c8073-50aec8e5-82146133 {"name":"projects/remp-193ad/locations/us-central1/operations/operation-1739429401886-62e00779c8073-50aec8e5-82146133","metadata":{"@type":"type.googleapis.com/google.cloud.functions.v2.OperationMetadata","createTime":"2025-02-13T06:50:02.817370017Z","target":"projects/remp-193ad/locations/us-central1/functions/sendContactEmail","verb":"update","cancelRequested":false,"apiVersion":"v2","requestResource":{"@type":"type.googleapis.com/google.cloud.functions.v2.Function","name":"projects/remp-193ad/locations/us-central1/functions/sendContactEmail","buildConfig":{"runtime":"nodejs22","entryPoint":"sendContactEmail","source":{"storageSource":{"bucket":"gcf-v2-sources-646809599927-us-central1","object":"sendContactEmail/function-source.zip","generation":"1739429402765177"}},"environmentVariables":{"GOOGLE_NODE_RUN_SCRIPTS":""},"dockerRepository":"projects/remp-193ad/locations/us-central1/repositories/gcf-artifacts","sourceProvenance":{},"dockerRegistry":"ARTIFACT_REGISTRY","serviceAccount":"projects/remp-193ad/serviceAccounts/646809599927-compute@developer.gserviceaccount.com","automaticUpdatePolicy":{}},"serviceConfig":{"service":"projects/remp-193ad/locations/us-central1/services/sendcontactemail","timeoutSeconds":60,"environmentVariables":{"EMAIL_USER":"seattlerealestatephoto@gmail.com","EMAIL_PASS":"wdyk eaac qhea yhws","FIREBASE_CONFIG":"{\"projectId\":\"remp-193ad\",\"storageBucket\":\"remp-193ad.firebasestorage.app\"}","GCLOUD_PROJECT":"remp-193ad","EVENTARC_CLOUD_EVENT_SOURCE":"projects/remp-193ad/locations/us-central1/services/sendContactEmail","FUNCTION_TARGET":"sendContactEmail","LOG_EXECUTION_ID":"true"},"ingressSettings":"ALLOW_ALL","serviceAccountEmail":"646809599927-compute@developer.gserviceaccount.com","availableMemory":"256Mi","maxInstanceRequestConcurrency":80,"availableCpu":"1"},"state":"FAILED","labels":{"firebase-functions-hash":"e8ad3b0fa61d9786db9addf58be38cfd6b4a73d6"},"stateMessages":[{"severity":"ERROR","type":"CloudRunServiceNotFound","message":"Cloud Run service projects/remp-193ad/locations/us-central1/services/sendcontactemail for the function was not found. The function will not work correctly. Please redeploy."}],"environment":"GEN_2","url":"https://us-central1-remp-193ad.cloudfunctions.net/sendContactEmail","satisfiesPzi":true},"stages":[{"name":"BUILD","state":"NOT_STARTED"},{"name":"SERVICE","state":"NOT_STARTED"}],"operationType":"UPDATE_FUNCTION"},"done":false}
[debug] [2025-02-13T06:50:03.578Z] [update-default-us-central1-sendContactEmail] Retrying task index 0
[debug] [2025-02-13T06:50:03.579Z] Checked if tokens are valid: true, expires at: 1739432673125
[debug] [2025-02-13T06:50:03.579Z] Checked if tokens are valid: true, expires at: 1739432673125
[debug] [2025-02-13T06:50:03.579Z] >>> [apiv2][query] GET https://cloudfunctions.googleapis.com/v2/projects/remp-193ad/locations/us-central1/operations/operation-1739429401886-62e00779c8073-50aec8e5-82146133 [none]
[debug] [2025-02-13T06:50:03.884Z] <<< [apiv2][status] GET https://cloudfunctions.googleapis.com/v2/projects/remp-193ad/locations/us-central1/operations/operation-1739429401886-62e00779c8073-50aec8e5-82146133 200
[debug] [2025-02-13T06:50:03.884Z] <<< [apiv2][body] GET https://cloudfunctions.googleapis.com/v2/projects/remp-193ad/locations/us-central1/operations/operation-1739429401886-62e00779c8073-50aec8e5-82146133 {"name":"projects/remp-193ad/locations/us-central1/operations/operation-1739429401886-62e00779c8073-50aec8e5-82146133","metadata":{"@type":"type.googleapis.com/google.cloud.functions.v2.OperationMetadata","createTime":"2025-02-13T06:50:02.817370017Z","target":"projects/remp-193ad/locations/us-central1/functions/sendContactEmail","verb":"update","cancelRequested":false,"apiVersion":"v2","requestResource":{"@type":"type.googleapis.com/google.cloud.functions.v2.Function","name":"projects/remp-193ad/locations/us-central1/functions/sendContactEmail","buildConfig":{"runtime":"nodejs22","entryPoint":"sendContactEmail","source":{"storageSource":{"bucket":"gcf-v2-sources-646809599927-us-central1","object":"sendContactEmail/function-source.zip","generation":"1739429402765177"}},"environmentVariables":{"GOOGLE_NODE_RUN_SCRIPTS":""},"dockerRepository":"projects/remp-193ad/locations/us-central1/repositories/gcf-artifacts","sourceProvenance":{},"dockerRegistry":"ARTIFACT_REGISTRY","serviceAccount":"projects/remp-193ad/serviceAccounts/646809599927-compute@developer.gserviceaccount.com","automaticUpdatePolicy":{}},"serviceConfig":{"service":"projects/remp-193ad/locations/us-central1/services/sendcontactemail","timeoutSeconds":60,"environmentVariables":{"EMAIL_USER":"seattlerealestatephoto@gmail.com","EMAIL_PASS":"wdyk eaac qhea yhws","FIREBASE_CONFIG":"{\"projectId\":\"remp-193ad\",\"storageBucket\":\"remp-193ad.firebasestorage.app\"}","GCLOUD_PROJECT":"remp-193ad","EVENTARC_CLOUD_EVENT_SOURCE":"projects/remp-193ad/locations/us-central1/services/sendContactEmail","FUNCTION_TARGET":"sendContactEmail","LOG_EXECUTION_ID":"true"},"ingressSettings":"ALLOW_ALL","serviceAccountEmail":"646809599927-compute@developer.gserviceaccount.com","availableMemory":"256Mi","maxInstanceRequestConcurrency":80,"availableCpu":"1"},"state":"FAILED","labels":{"firebase-functions-hash":"e8ad3b0fa61d9786db9addf58be38cfd6b4a73d6"},"stateMessages":[{"severity":"ERROR","type":"CloudRunServiceNotFound","message":"Cloud Run service projects/remp-193ad/locations/us-central1/services/sendcontactemail for the function was not found. The function will not work correctly. Please redeploy."}],"environment":"GEN_2","url":"https://us-central1-remp-193ad.cloudfunctions.net/sendContactEmail","satisfiesPzi":true},"stages":[{"name":"BUILD","message":"Build in progress","state":"IN_PROGRESS","resource":"projects/646809599927/locations/us-central1/builds/456bf220-db60-480c-adac-02087d2a09e4","resourceUri":"https://console.cloud.google.com/cloud-build/builds;region=us-central1/456bf220-db60-480c-adac-02087d2a09e4?project=646809599927"},{"name":"SERVICE","state":"NOT_STARTED"}],"operationType":"UPDATE_FUNCTION","buildName":"projects/646809599927/locations/us-central1/builds/456bf220-db60-480c-adac-02087d2a09e4"},"done":false}
[debug] [2025-02-13T06:50:04.886Z] [update-default-us-central1-sendContactEmail] Retrying task index 0
[debug] [2025-02-13T06:50:04.887Z] Checked if tokens are valid: true, expires at: 1739432673125
[debug] [2025-02-13T06:50:04.887Z] Checked if tokens are valid: true, expires at: 1739432673125
[debug] [2025-02-13T06:50:04.888Z] >>> [apiv2][query] GET https://cloudfunctions.googleapis.com/v2/projects/remp-193ad/locations/us-central1/operations/operation-1739429401886-62e00779c8073-50aec8e5-82146133 [none]
[debug] [2025-02-13T06:50:05.195Z] <<< [apiv2][status] GET https://cloudfunctions.googleapis.com/v2/projects/remp-193ad/locations/us-central1/operations/operation-1739429401886-62e00779c8073-50aec8e5-82146133 200
[debug] [2025-02-13T06:50:05.195Z] <<< [apiv2][body] GET https://cloudfunctions.googleapis.com/v2/projects/remp-193ad/locations/us-central1/operations/operation-1739429401886-62e00779c8073-50aec8e5-82146133 {"name":"projects/remp-193ad/locations/us-central1/operations/operation-1739429401886-62e00779c8073-50aec8e5-82146133","metadata":{"@type":"type.googleapis.com/google.cloud.functions.v2.OperationMetadata","createTime":"2025-02-13T06:50:02.817370017Z","target":"projects/remp-193ad/locations/us-central1/functions/sendContactEmail","verb":"update","cancelRequested":false,"apiVersion":"v2","requestResource":{"@type":"type.googleapis.com/google.cloud.functions.v2.Function","name":"projects/remp-193ad/locations/us-central1/functions/sendContactEmail","buildConfig":{"runtime":"nodejs22","entryPoint":"sendContactEmail","source":{"storageSource":{"bucket":"gcf-v2-sources-646809599927-us-central1","object":"sendContactEmail/function-source.zip","generation":"1739429402765177"}},"environmentVariables":{"GOOGLE_NODE_RUN_SCRIPTS":""},"dockerRepository":"projects/remp-193ad/locations/us-central1/repositories/gcf-artifacts","sourceProvenance":{},"dockerRegistry":"ARTIFACT_REGISTRY","serviceAccount":"projects/remp-193ad/serviceAccounts/646809599927-compute@developer.gserviceaccount.com","automaticUpdatePolicy":{}},"serviceConfig":{"service":"projects/remp-193ad/locations/us-central1/services/sendcontactemail","timeoutSeconds":60,"environmentVariables":{"EMAIL_USER":"seattlerealestatephoto@gmail.com","EMAIL_PASS":"wdyk eaac qhea yhws","FIREBASE_CONFIG":"{\"projectId\":\"remp-193ad\",\"storageBucket\":\"remp-193ad.firebasestorage.app\"}","GCLOUD_PROJECT":"remp-193ad","EVENTARC_CLOUD_EVENT_SOURCE":"projects/remp-193ad/locations/us-central1/services/sendContactEmail","FUNCTION_TARGET":"sendContactEmail","LOG_EXECUTION_ID":"true"},"ingressSettings":"ALLOW_ALL","serviceAccountEmail":"646809599927-compute@developer.gserviceaccount.com","availableMemory":"256Mi","maxInstanceRequestConcurrency":80,"availableCpu":"1"},"state":"FAILED","labels":{"firebase-functions-hash":"e8ad3b0fa61d9786db9addf58be38cfd6b4a73d6"},"stateMessages":[{"severity":"ERROR","type":"CloudRunServiceNotFound","message":"Cloud Run service projects/remp-193ad/locations/us-central1/services/sendcontactemail for the function was not found. The function will not work correctly. Please redeploy."}],"environment":"GEN_2","url":"https://us-central1-remp-193ad.cloudfunctions.net/sendContactEmail","satisfiesPzi":true},"stages":[{"name":"BUILD","message":"Build in progress","state":"IN_PROGRESS","resource":"projects/646809599927/locations/us-central1/builds/456bf220-db60-480c-adac-02087d2a09e4","resourceUri":"https://console.cloud.google.com/cloud-build/builds;region=us-central1/456bf220-db60-480c-adac-02087d2a09e4?project=646809599927"},{"name":"SERVICE","state":"NOT_STARTED"}],"operationType":"UPDATE_FUNCTION","buildName":"projects/646809599927/locations/us-central1/builds/456bf220-db60-480c-adac-02087d2a09e4"},"done":false}
[debug] [2025-02-13T06:50:07.196Z] [update-default-us-central1-sendContactEmail] Retrying task index 0
[debug] [2025-02-13T06:50:07.197Z] Checked if tokens are valid: true, expires at: 1739432673125
[debug] [2025-02-13T06:50:07.197Z] Checked if tokens are valid: true, expires at: 1739432673125
[debug] [2025-02-13T06:50:07.197Z] >>> [apiv2][query] GET https://cloudfunctions.googleapis.com/v2/projects/remp-193ad/locations/us-central1/operations/operation-1739429401886-62e00779c8073-50aec8e5-82146133 [none]
[debug] [2025-02-13T06:50:07.308Z] <<< [apiv2][status] GET https://cloudfunctions.googleapis.com/v2/projects/remp-193ad/locations/us-central1/operations/operation-1739429401886-62e00779c8073-50aec8e5-82146133 200
[debug] [2025-02-13T06:50:07.308Z] <<< [apiv2][body] GET https://cloudfunctions.googleapis.com/v2/projects/remp-193ad/locations/us-central1/operations/operation-1739429401886-62e00779c8073-50aec8e5-82146133 {"name":"projects/remp-193ad/locations/us-central1/operations/operation-1739429401886-62e00779c8073-50aec8e5-82146133","metadata":{"@type":"type.googleapis.com/google.cloud.functions.v2.OperationMetadata","createTime":"2025-02-13T06:50:02.817370017Z","target":"projects/remp-193ad/locations/us-central1/functions/sendContactEmail","verb":"update","cancelRequested":false,"apiVersion":"v2","requestResource":{"@type":"type.googleapis.com/google.cloud.functions.v2.Function","name":"projects/remp-193ad/locations/us-central1/functions/sendContactEmail","buildConfig":{"runtime":"nodejs22","entryPoint":"sendContactEmail","source":{"storageSource":{"bucket":"gcf-v2-sources-646809599927-us-central1","object":"sendContactEmail/function-source.zip","generation":"1739429402765177"}},"environmentVariables":{"GOOGLE_NODE_RUN_SCRIPTS":""},"dockerRepository":"projects/remp-193ad/locations/us-central1/repositories/gcf-artifacts","sourceProvenance":{},"dockerRegistry":"ARTIFACT_REGISTRY","serviceAccount":"projects/remp-193ad/serviceAccounts/646809599927-compute@developer.gserviceaccount.com","automaticUpdatePolicy":{}},"serviceConfig":{"service":"projects/remp-193ad/locations/us-central1/services/sendcontactemail","timeoutSeconds":60,"environmentVariables":{"EMAIL_USER":"seattlerealestatephoto@gmail.com","EMAIL_PASS":"wdyk eaac qhea yhws","FIREBASE_CONFIG":"{\"projectId\":\"remp-193ad\",\"storageBucket\":\"remp-193ad.firebasestorage.app\"}","GCLOUD_PROJECT":"remp-193ad","EVENTARC_CLOUD_EVENT_SOURCE":"projects/remp-193ad/locations/us-central1/services/sendContactEmail","FUNCTION_TARGET":"sendContactEmail","LOG_EXECUTION_ID":"true"},"ingressSettings":"ALLOW_ALL","serviceAccountEmail":"646809599927-compute@developer.gserviceaccount.com","availableMemory":"256Mi","maxInstanceRequestConcurrency":80,"availableCpu":"1"},"state":"FAILED","labels":{"firebase-functions-hash":"e8ad3b0fa61d9786db9addf58be38cfd6b4a73d6"},"stateMessages":[{"severity":"ERROR","type":"CloudRunServiceNotFound","message":"Cloud Run service projects/remp-193ad/locations/us-central1/services/sendcontactemail for the function was not found. The function will not work correctly. Please redeploy."}],"environment":"GEN_2","url":"https://us-central1-remp-193ad.cloudfunctions.net/sendContactEmail","satisfiesPzi":true},"stages":[{"name":"BUILD","message":"Build in progress","state":"IN_PROGRESS","resource":"projects/646809599927/locations/us-central1/builds/456bf220-db60-480c-adac-02087d2a09e4","resourceUri":"https://console.cloud.google.com/cloud-build/builds;region=us-central1/456bf220-db60-480c-adac-02087d2a09e4?project=646809599927"},{"name":"SERVICE","state":"NOT_STARTED"}],"operationType":"UPDATE_FUNCTION","buildName":"projects/646809599927/locations/us-central1/builds/456bf220-db60-480c-adac-02087d2a09e4"},"done":false}
[debug] [2025-02-13T06:50:11.311Z] [update-default-us-central1-sendContactEmail] Retrying task index 0
[debug] [2025-02-13T06:50:11.311Z] Checked if tokens are valid: true, expires at: 1739432673125
[debug] [2025-02-13T06:50:11.312Z] Checked if tokens are valid: true, expires at: 1739432673125
[debug] [2025-02-13T06:50:11.312Z] >>> [apiv2][query] GET https://cloudfunctions.googleapis.com/v2/projects/remp-193ad/locations/us-central1/operations/operation-1739429401886-62e00779c8073-50aec8e5-82146133 [none]
[debug] [2025-02-13T06:50:11.638Z] <<< [apiv2][status] GET https://cloudfunctions.googleapis.com/v2/projects/remp-193ad/locations/us-central1/operations/operation-1739429401886-62e00779c8073-50aec8e5-82146133 200
[debug] [2025-02-13T06:50:11.639Z] <<< [apiv2][body] GET https://cloudfunctions.googleapis.com/v2/projects/remp-193ad/locations/us-central1/operations/operation-1739429401886-62e00779c8073-50aec8e5-82146133 {"name":"projects/remp-193ad/locations/us-central1/operations/operation-1739429401886-62e00779c8073-50aec8e5-82146133","metadata":{"@type":"type.googleapis.com/google.cloud.functions.v2.OperationMetadata","createTime":"2025-02-13T06:50:02.817370017Z","target":"projects/remp-193ad/locations/us-central1/functions/sendContactEmail","verb":"update","cancelRequested":false,"apiVersion":"v2","requestResource":{"@type":"type.googleapis.com/google.cloud.functions.v2.Function","name":"projects/remp-193ad/locations/us-central1/functions/sendContactEmail","buildConfig":{"runtime":"nodejs22","entryPoint":"sendContactEmail","source":{"storageSource":{"bucket":"gcf-v2-sources-646809599927-us-central1","object":"sendContactEmail/function-source.zip","generation":"1739429402765177"}},"environmentVariables":{"GOOGLE_NODE_RUN_SCRIPTS":""},"dockerRepository":"projects/remp-193ad/locations/us-central1/repositories/gcf-artifacts","sourceProvenance":{},"dockerRegistry":"ARTIFACT_REGISTRY","serviceAccount":"projects/remp-193ad/serviceAccounts/646809599927-compute@developer.gserviceaccount.com","automaticUpdatePolicy":{}},"serviceConfig":{"service":"projects/remp-193ad/locations/us-central1/services/sendcontactemail","timeoutSeconds":60,"environmentVariables":{"EMAIL_USER":"seattlerealestatephoto@gmail.com","EMAIL_PASS":"wdyk eaac qhea yhws","FIREBASE_CONFIG":"{\"projectId\":\"remp-193ad\",\"storageBucket\":\"remp-193ad.firebasestorage.app\"}","GCLOUD_PROJECT":"remp-193ad","EVENTARC_CLOUD_EVENT_SOURCE":"projects/remp-193ad/locations/us-central1/services/sendContactEmail","FUNCTION_TARGET":"sendContactEmail","LOG_EXECUTION_ID":"true"},"ingressSettings":"ALLOW_ALL","serviceAccountEmail":"646809599927-compute@developer.gserviceaccount.com","availableMemory":"256Mi","maxInstanceRequestConcurrency":80,"availableCpu":"1"},"state":"FAILED","labels":{"firebase-functions-hash":"e8ad3b0fa61d9786db9addf58be38cfd6b4a73d6"},"stateMessages":[{"severity":"ERROR","type":"CloudRunServiceNotFound","message":"Cloud Run service projects/remp-193ad/locations/us-central1/services/sendcontactemail for the function was not found. The function will not work correctly. Please redeploy."}],"environment":"GEN_2","url":"https://us-central1-remp-193ad.cloudfunctions.net/sendContactEmail","satisfiesPzi":true},"stages":[{"name":"BUILD","message":"Build in progress","state":"IN_PROGRESS","resource":"projects/646809599927/locations/us-central1/builds/456bf220-db60-480c-adac-02087d2a09e4","resourceUri":"https://console.cloud.google.com/cloud-build/builds;region=us-central1/456bf220-db60-480c-adac-02087d2a09e4?project=646809599927"},{"name":"SERVICE","state":"NOT_STARTED"}],"operationType":"UPDATE_FUNCTION","buildName":"projects/646809599927/locations/us-central1/builds/456bf220-db60-480c-adac-02087d2a09e4"},"done":false}
[debug] [2025-02-13T06:50:19.640Z] [update-default-us-central1-sendContactEmail] Retrying task index 0
[debug] [2025-02-13T06:50:19.641Z] Checked if tokens are valid: true, expires at: 1739432673125
[debug] [2025-02-13T06:50:19.641Z] Checked if tokens are valid: true, expires at: 1739432673125
[debug] [2025-02-13T06:50:19.641Z] >>> [apiv2][query] GET https://cloudfunctions.googleapis.com/v2/projects/remp-193ad/locations/us-central1/operations/operation-1739429401886-62e00779c8073-50aec8e5-82146133 [none]
[debug] [2025-02-13T06:50:19.960Z] <<< [apiv2][status] GET https://cloudfunctions.googleapis.com/v2/projects/remp-193ad/locations/us-central1/operations/operation-1739429401886-62e00779c8073-50aec8e5-82146133 200
[debug] [2025-02-13T06:50:19.961Z] <<< [apiv2][body] GET https://cloudfunctions.googleapis.com/v2/projects/remp-193ad/locations/us-central1/operations/operation-1739429401886-62e00779c8073-50aec8e5-82146133 {"name":"projects/remp-193ad/locations/us-central1/operations/operation-1739429401886-62e00779c8073-50aec8e5-82146133","metadata":{"@type":"type.googleapis.com/google.cloud.functions.v2.OperationMetadata","createTime":"2025-02-13T06:50:02.817370017Z","target":"projects/remp-193ad/locations/us-central1/functions/sendContactEmail","verb":"update","cancelRequested":false,"apiVersion":"v2","requestResource":{"@type":"type.googleapis.com/google.cloud.functions.v2.Function","name":"projects/remp-193ad/locations/us-central1/functions/sendContactEmail","buildConfig":{"runtime":"nodejs22","entryPoint":"sendContactEmail","source":{"storageSource":{"bucket":"gcf-v2-sources-646809599927-us-central1","object":"sendContactEmail/function-source.zip","generation":"1739429402765177"}},"environmentVariables":{"GOOGLE_NODE_RUN_SCRIPTS":""},"dockerRepository":"projects/remp-193ad/locations/us-central1/repositories/gcf-artifacts","sourceProvenance":{},"dockerRegistry":"ARTIFACT_REGISTRY","serviceAccount":"projects/remp-193ad/serviceAccounts/646809599927-compute@developer.gserviceaccount.com","automaticUpdatePolicy":{}},"serviceConfig":{"service":"projects/remp-193ad/locations/us-central1/services/sendcontactemail","timeoutSeconds":60,"environmentVariables":{"EMAIL_USER":"seattlerealestatephoto@gmail.com","EMAIL_PASS":"wdyk eaac qhea yhws","FIREBASE_CONFIG":"{\"projectId\":\"remp-193ad\",\"storageBucket\":\"remp-193ad.firebasestorage.app\"}","GCLOUD_PROJECT":"remp-193ad","EVENTARC_CLOUD_EVENT_SOURCE":"projects/remp-193ad/locations/us-central1/services/sendContactEmail","FUNCTION_TARGET":"sendContactEmail","LOG_EXECUTION_ID":"true"},"ingressSettings":"ALLOW_ALL","serviceAccountEmail":"646809599927-compute@developer.gserviceaccount.com","availableMemory":"256Mi","maxInstanceRequestConcurrency":80,"availableCpu":"1"},"state":"FAILED","labels":{"firebase-functions-hash":"e8ad3b0fa61d9786db9addf58be38cfd6b4a73d6"},"stateMessages":[{"severity":"ERROR","type":"CloudRunServiceNotFound","message":"Cloud Run service projects/remp-193ad/locations/us-central1/services/sendcontactemail for the function was not found. The function will not work correctly. Please redeploy."}],"environment":"GEN_2","url":"https://us-central1-remp-193ad.cloudfunctions.net/sendContactEmail","satisfiesPzi":true},"stages":[{"name":"BUILD","message":"Build in progress","state":"IN_PROGRESS","resource":"projects/646809599927/locations/us-central1/builds/456bf220-db60-480c-adac-02087d2a09e4","resourceUri":"https://console.cloud.google.com/cloud-build/builds;region=us-central1/456bf220-db60-480c-adac-02087d2a09e4?project=646809599927"},{"name":"SERVICE","state":"NOT_STARTED"}],"operationType":"UPDATE_FUNCTION","buildName":"projects/646809599927/locations/us-central1/builds/456bf220-db60-480c-adac-02087d2a09e4"},"done":false}
[debug] [2025-02-13T06:50:29.962Z] [update-default-us-central1-sendContactEmail] Retrying task index 0
[debug] [2025-02-13T06:50:29.963Z] Checked if tokens are valid: true, expires at: 1739432673125
[debug] [2025-02-13T06:50:29.963Z] Checked if tokens are valid: true, expires at: 1739432673125
[debug] [2025-02-13T06:50:29.963Z] >>> [apiv2][query] GET https://cloudfunctions.googleapis.com/v2/projects/remp-193ad/locations/us-central1/operations/operation-1739429401886-62e00779c8073-50aec8e5-82146133 [none]
[debug] [2025-02-13T06:50:30.329Z] <<< [apiv2][status] GET https://cloudfunctions.googleapis.com/v2/projects/remp-193ad/locations/us-central1/operations/operation-1739429401886-62e00779c8073-50aec8e5-82146133 200
[debug] [2025-02-13T06:50:30.330Z] <<< [apiv2][body] GET https://cloudfunctions.googleapis.com/v2/projects/remp-193ad/locations/us-central1/operations/operation-1739429401886-62e00779c8073-50aec8e5-82146133 {"name":"projects/remp-193ad/locations/us-central1/operations/operation-1739429401886-62e00779c8073-50aec8e5-82146133","metadata":{"@type":"type.googleapis.com/google.cloud.functions.v2.OperationMetadata","createTime":"2025-02-13T06:50:02.817370017Z","target":"projects/remp-193ad/locations/us-central1/functions/sendContactEmail","verb":"update","cancelRequested":false,"apiVersion":"v2","requestResource":{"@type":"type.googleapis.com/google.cloud.functions.v2.Function","name":"projects/remp-193ad/locations/us-central1/functions/sendContactEmail","buildConfig":{"runtime":"nodejs22","entryPoint":"sendContactEmail","source":{"storageSource":{"bucket":"gcf-v2-sources-646809599927-us-central1","object":"sendContactEmail/function-source.zip","generation":"1739429402765177"}},"environmentVariables":{"GOOGLE_NODE_RUN_SCRIPTS":""},"dockerRepository":"projects/remp-193ad/locations/us-central1/repositories/gcf-artifacts","sourceProvenance":{},"dockerRegistry":"ARTIFACT_REGISTRY","serviceAccount":"projects/remp-193ad/serviceAccounts/646809599927-compute@developer.gserviceaccount.com","automaticUpdatePolicy":{}},"serviceConfig":{"service":"projects/remp-193ad/locations/us-central1/services/sendcontactemail","timeoutSeconds":60,"environmentVariables":{"EMAIL_USER":"seattlerealestatephoto@gmail.com","EMAIL_PASS":"wdyk eaac qhea yhws","FIREBASE_CONFIG":"{\"projectId\":\"remp-193ad\",\"storageBucket\":\"remp-193ad.firebasestorage.app\"}","GCLOUD_PROJECT":"remp-193ad","EVENTARC_CLOUD_EVENT_SOURCE":"projects/remp-193ad/locations/us-central1/services/sendContactEmail","FUNCTION_TARGET":"sendContactEmail","LOG_EXECUTION_ID":"true"},"ingressSettings":"ALLOW_ALL","serviceAccountEmail":"646809599927-compute@developer.gserviceaccount.com","availableMemory":"256Mi","maxInstanceRequestConcurrency":80,"availableCpu":"1"},"state":"FAILED","labels":{"firebase-functions-hash":"e8ad3b0fa61d9786db9addf58be38cfd6b4a73d6"},"stateMessages":[{"severity":"ERROR","type":"CloudRunServiceNotFound","message":"Cloud Run service projects/remp-193ad/locations/us-central1/services/sendcontactemail for the function was not found. The function will not work correctly. Please redeploy."}],"environment":"GEN_2","url":"https://us-central1-remp-193ad.cloudfunctions.net/sendContactEmail","satisfiesPzi":true},"stages":[{"name":"BUILD","message":"Build in progress","state":"IN_PROGRESS","resource":"projects/646809599927/locations/us-central1/builds/456bf220-db60-480c-adac-02087d2a09e4","resourceUri":"https://console.cloud.google.com/cloud-build/builds;region=us-central1/456bf220-db60-480c-adac-02087d2a09e4?project=646809599927"},{"name":"SERVICE","state":"NOT_STARTED"}],"operationType":"UPDATE_FUNCTION","buildName":"projects/646809599927/locations/us-central1/builds/456bf220-db60-480c-adac-02087d2a09e4"},"done":false}
[debug] [2025-02-13T06:50:40.331Z] [update-default-us-central1-sendContactEmail] Retrying task index 0
[debug] [2025-02-13T06:50:40.332Z] Checked if tokens are valid: true, expires at: 1739432673125
[debug] [2025-02-13T06:50:40.332Z] Checked if tokens are valid: true, expires at: 1739432673125
[debug] [2025-02-13T06:50:40.332Z] >>> [apiv2][query] GET https://cloudfunctions.googleapis.com/v2/projects/remp-193ad/locations/us-central1/operations/operation-1739429401886-62e00779c8073-50aec8e5-82146133 [none]
[debug] [2025-02-13T06:50:40.775Z] <<< [apiv2][status] GET https://cloudfunctions.googleapis.com/v2/projects/remp-193ad/locations/us-central1/operations/operation-1739429401886-62e00779c8073-50aec8e5-82146133 200
[debug] [2025-02-13T06:50:40.775Z] <<< [apiv2][body] GET https://cloudfunctions.googleapis.com/v2/projects/remp-193ad/locations/us-central1/operations/operation-1739429401886-62e00779c8073-50aec8e5-82146133 {"name":"projects/remp-193ad/locations/us-central1/operations/operation-1739429401886-62e00779c8073-50aec8e5-82146133","metadata":{"@type":"type.googleapis.com/google.cloud.functions.v2.OperationMetadata","createTime":"2025-02-13T06:50:02.817370017Z","target":"projects/remp-193ad/locations/us-central1/functions/sendContactEmail","verb":"update","cancelRequested":false,"apiVersion":"v2","requestResource":{"@type":"type.googleapis.com/google.cloud.functions.v2.Function","name":"projects/remp-193ad/locations/us-central1/functions/sendContactEmail","buildConfig":{"runtime":"nodejs22","entryPoint":"sendContactEmail","source":{"storageSource":{"bucket":"gcf-v2-sources-646809599927-us-central1","object":"sendContactEmail/function-source.zip","generation":"1739429402765177"}},"environmentVariables":{"GOOGLE_NODE_RUN_SCRIPTS":""},"dockerRepository":"projects/remp-193ad/locations/us-central1/repositories/gcf-artifacts","sourceProvenance":{},"dockerRegistry":"ARTIFACT_REGISTRY","serviceAccount":"projects/remp-193ad/serviceAccounts/646809599927-compute@developer.gserviceaccount.com","automaticUpdatePolicy":{}},"serviceConfig":{"service":"projects/remp-193ad/locations/us-central1/services/sendcontactemail","timeoutSeconds":60,"environmentVariables":{"EMAIL_USER":"seattlerealestatephoto@gmail.com","EMAIL_PASS":"wdyk eaac qhea yhws","FIREBASE_CONFIG":"{\"projectId\":\"remp-193ad\",\"storageBucket\":\"remp-193ad.firebasestorage.app\"}","GCLOUD_PROJECT":"remp-193ad","EVENTARC_CLOUD_EVENT_SOURCE":"projects/remp-193ad/locations/us-central1/services/sendContactEmail","FUNCTION_TARGET":"sendContactEmail","LOG_EXECUTION_ID":"true"},"ingressSettings":"ALLOW_ALL","serviceAccountEmail":"646809599927-compute@developer.gserviceaccount.com","availableMemory":"256Mi","maxInstanceRequestConcurrency":80,"availableCpu":"1"},"state":"FAILED","labels":{"firebase-functions-hash":"e8ad3b0fa61d9786db9addf58be38cfd6b4a73d6"},"stateMessages":[{"severity":"ERROR","type":"CloudRunServiceNotFound","message":"Cloud Run service projects/remp-193ad/locations/us-central1/services/sendcontactemail for the function was not found. The function will not work correctly. Please redeploy."}],"environment":"GEN_2","url":"https://us-central1-remp-193ad.cloudfunctions.net/sendContactEmail","satisfiesPzi":true},"stages":[{"name":"BUILD","message":"Build in progress","state":"IN_PROGRESS","resource":"projects/646809599927/locations/us-central1/builds/456bf220-db60-480c-adac-02087d2a09e4","resourceUri":"https://console.cloud.google.com/cloud-build/builds;region=us-central1/456bf220-db60-480c-adac-02087d2a09e4?project=646809599927"},{"name":"SERVICE","state":"NOT_STARTED"}],"operationType":"UPDATE_FUNCTION","buildName":"projects/646809599927/locations/us-central1/builds/456bf220-db60-480c-adac-02087d2a09e4"},"done":false}
[debug] [2025-02-13T06:50:50.777Z] [update-default-us-central1-sendContactEmail] Retrying task index 0
[debug] [2025-02-13T06:50:50.778Z] Checked if tokens are valid: true, expires at: 1739432673125
[debug] [2025-02-13T06:50:50.778Z] Checked if tokens are valid: true, expires at: 1739432673125
[debug] [2025-02-13T06:50:50.778Z] >>> [apiv2][query] GET https://cloudfunctions.googleapis.com/v2/projects/remp-193ad/locations/us-central1/operations/operation-1739429401886-62e00779c8073-50aec8e5-82146133 [none]
[debug] [2025-02-13T06:50:51.178Z] <<< [apiv2][status] GET https://cloudfunctions.googleapis.com/v2/projects/remp-193ad/locations/us-central1/operations/operation-1739429401886-62e00779c8073-50aec8e5-82146133 200
[debug] [2025-02-13T06:50:51.178Z] <<< [apiv2][body] GET https://cloudfunctions.googleapis.com/v2/projects/remp-193ad/locations/us-central1/operations/operation-1739429401886-62e00779c8073-50aec8e5-82146133 {"name":"projects/remp-193ad/locations/us-central1/operations/operation-1739429401886-62e00779c8073-50aec8e5-82146133","metadata":{"@type":"type.googleapis.com/google.cloud.functions.v2.OperationMetadata","createTime":"2025-02-13T06:50:02.817370017Z","target":"projects/remp-193ad/locations/us-central1/functions/sendContactEmail","verb":"update","cancelRequested":false,"apiVersion":"v2","requestResource":{"@type":"type.googleapis.com/google.cloud.functions.v2.Function","name":"projects/remp-193ad/locations/us-central1/functions/sendContactEmail","buildConfig":{"runtime":"nodejs22","entryPoint":"sendContactEmail","source":{"storageSource":{"bucket":"gcf-v2-sources-646809599927-us-central1","object":"sendContactEmail/function-source.zip","generation":"1739429402765177"}},"environmentVariables":{"GOOGLE_NODE_RUN_SCRIPTS":""},"dockerRepository":"projects/remp-193ad/locations/us-central1/repositories/gcf-artifacts","sourceProvenance":{},"dockerRegistry":"ARTIFACT_REGISTRY","serviceAccount":"projects/remp-193ad/serviceAccounts/646809599927-compute@developer.gserviceaccount.com","automaticUpdatePolicy":{}},"serviceConfig":{"service":"projects/remp-193ad/locations/us-central1/services/sendcontactemail","timeoutSeconds":60,"environmentVariables":{"EMAIL_USER":"seattlerealestatephoto@gmail.com","EMAIL_PASS":"wdyk eaac qhea yhws","FIREBASE_CONFIG":"{\"projectId\":\"remp-193ad\",\"storageBucket\":\"remp-193ad.firebasestorage.app\"}","GCLOUD_PROJECT":"remp-193ad","EVENTARC_CLOUD_EVENT_SOURCE":"projects/remp-193ad/locations/us-central1/services/sendContactEmail","FUNCTION_TARGET":"sendContactEmail","LOG_EXECUTION_ID":"true"},"ingressSettings":"ALLOW_ALL","serviceAccountEmail":"646809599927-compute@developer.gserviceaccount.com","availableMemory":"256Mi","maxInstanceRequestConcurrency":80,"availableCpu":"1"},"state":"FAILED","labels":{"firebase-functions-hash":"e8ad3b0fa61d9786db9addf58be38cfd6b4a73d6"},"stateMessages":[{"severity":"ERROR","type":"CloudRunServiceNotFound","message":"Cloud Run service projects/remp-193ad/locations/us-central1/services/sendcontactemail for the function was not found. The function will not work correctly. Please redeploy."}],"environment":"GEN_2","url":"https://us-central1-remp-193ad.cloudfunctions.net/sendContactEmail","satisfiesPzi":true},"stages":[{"name":"BUILD","message":"Build in progress","state":"IN_PROGRESS","resource":"projects/646809599927/locations/us-central1/builds/456bf220-db60-480c-adac-02087d2a09e4","resourceUri":"https://console.cloud.google.com/cloud-build/builds;region=us-central1/456bf220-db60-480c-adac-02087d2a09e4?project=646809599927"},{"name":"SERVICE","state":"NOT_STARTED"}],"operationType":"UPDATE_FUNCTION","buildName":"projects/646809599927/locations/us-central1/builds/456bf220-db60-480c-adac-02087d2a09e4"},"done":false}
[debug] [2025-02-13T06:51:01.181Z] [update-default-us-central1-sendContactEmail] Retrying task index 0
[debug] [2025-02-13T06:51:01.183Z] Checked if tokens are valid: true, expires at: 1739432673125
[debug] [2025-02-13T06:51:01.184Z] Checked if tokens are valid: true, expires at: 1739432673125
[debug] [2025-02-13T06:51:01.185Z] >>> [apiv2][query] GET https://cloudfunctions.googleapis.com/v2/projects/remp-193ad/locations/us-central1/operations/operation-1739429401886-62e00779c8073-50aec8e5-82146133 [none]
[debug] [2025-02-13T06:51:01.530Z] <<< [apiv2][status] GET https://cloudfunctions.googleapis.com/v2/projects/remp-193ad/locations/us-central1/operations/operation-1739429401886-62e00779c8073-50aec8e5-82146133 200
[debug] [2025-02-13T06:51:01.531Z] <<< [apiv2][body] GET https://cloudfunctions.googleapis.com/v2/projects/remp-193ad/locations/us-central1/operations/operation-1739429401886-62e00779c8073-50aec8e5-82146133 {"name":"projects/remp-193ad/locations/us-central1/operations/operation-1739429401886-62e00779c8073-50aec8e5-82146133","metadata":{"@type":"type.googleapis.com/google.cloud.functions.v2.OperationMetadata","createTime":"2025-02-13T06:50:02.817370017Z","endTime":"2025-02-13T06:51:00.504448358Z","target":"projects/remp-193ad/locations/us-central1/functions/sendContactEmail","verb":"update","cancelRequested":false,"apiVersion":"v2","requestResource":{"@type":"type.googleapis.com/google.cloud.functions.v2.Function","name":"projects/remp-193ad/locations/us-central1/functions/sendContactEmail","buildConfig":{"runtime":"nodejs22","entryPoint":"sendContactEmail","source":{"storageSource":{"bucket":"gcf-v2-sources-646809599927-us-central1","object":"sendContactEmail/function-source.zip","generation":"1739429402765177"}},"environmentVariables":{"GOOGLE_NODE_RUN_SCRIPTS":""},"dockerRepository":"projects/remp-193ad/locations/us-central1/repositories/gcf-artifacts","sourceProvenance":{},"dockerRegistry":"ARTIFACT_REGISTRY","serviceAccount":"projects/remp-193ad/serviceAccounts/646809599927-compute@developer.gserviceaccount.com","automaticUpdatePolicy":{}},"serviceConfig":{"service":"projects/remp-193ad/locations/us-central1/services/sendcontactemail","timeoutSeconds":60,"environmentVariables":{"EMAIL_USER":"seattlerealestatephoto@gmail.com","EMAIL_PASS":"wdyk eaac qhea yhws","FIREBASE_CONFIG":"{\"projectId\":\"remp-193ad\",\"storageBucket\":\"remp-193ad.firebasestorage.app\"}","GCLOUD_PROJECT":"remp-193ad","EVENTARC_CLOUD_EVENT_SOURCE":"projects/remp-193ad/locations/us-central1/services/sendContactEmail","FUNCTION_TARGET":"sendContactEmail","LOG_EXECUTION_ID":"true"},"ingressSettings":"ALLOW_ALL","serviceAccountEmail":"646809599927-compute@developer.gserviceaccount.com","availableMemory":"256Mi","maxInstanceRequestConcurrency":80,"availableCpu":"1"},"state":"FAILED","labels":{"firebase-functions-hash":"e8ad3b0fa61d9786db9addf58be38cfd6b4a73d6"},"stateMessages":[{"severity":"ERROR","type":"CloudRunServiceNotFound","message":"Cloud Run service projects/remp-193ad/locations/us-central1/services/sendcontactemail for the function was not found. The function will not work correctly. Please redeploy."}],"environment":"GEN_2","url":"https://us-central1-remp-193ad.cloudfunctions.net/sendContactEmail","satisfiesPzi":true},"stages":[{"name":"SERVICE","state":"NOT_STARTED"}],"operationType":"UPDATE_FUNCTION"},"done":true,"error":{"code":3,"message":"Could not create or update Cloud Run service sendcontactemail, Container Healthcheck failed. Revision 'sendcontactemail-00001-buv' is not ready and cannot serve traffic. The user-provided container failed to start and listen on the port defined provided by the PORT=8080 environment variable within the allocated timeout. This can happen when the container port is misconfigured or if the timeout is too short. The health check timeout can be extended. Logs for this revision might contain more information.\n\nLogs URL: https://console.cloud.google.com/logs/viewer?project=remp-193ad&resource=cloud_run_revision/service_name/sendcontactemail/revision_name/sendcontactemail-00001-buv&advancedFilter=resource.type%3D%22cloud_run_revision%22%0Aresource.labels.service_name%3D%22sendcontactemail%22%0Aresource.labels.revision_name%3D%22sendcontactemail-00001-buv%22 \nFor more troubleshooting guidance, see https://cloud.google.com/run/docs/troubleshooting#container-failed-to-start"}}
[debug] [2025-02-13T06:51:01.531Z] Got source token undefined for region us-central1
[debug] [2025-02-13T06:51:01.532Z] Checked if tokens are valid: true, expires at: 1739432673125
[debug] [2025-02-13T06:51:01.532Z] Checked if tokens are valid: true, expires at: 1739432673125
[debug] [2025-02-13T06:51:01.532Z] >>> [apiv2][query] PATCH https://cloudfunctions.googleapis.com/v2/projects/remp-193ad/locations/us-central1/functions/sendOrderEmail updateMask=name%2CbuildConfig.runtime%2CbuildConfig.entryPoint%2CbuildConfig.source.storageSource.bucket%2CbuildConfig.source.storageSource.object%2CbuildConfig.environmentVariables%2CbuildConfig.sourceToken%2CserviceConfig.environmentVariables%2CserviceConfig.ingressSettings%2CserviceConfig.timeoutSeconds%2CserviceConfig.serviceAccountEmail%2CserviceConfig.availableMemory%2CserviceConfig.minInstanceCount%2CserviceConfig.maxInstanceCount%2CserviceConfig.maxInstanceRequestConcurrency%2CserviceConfig.availableCpu%2CserviceConfig.vpcConnector%2CserviceConfig.vpcConnectorEgressSettings%2Clabels%2CbuildConfig.buildEnvironmentVariables
[debug] [2025-02-13T06:51:01.532Z] >>> [apiv2][body] PATCH https://cloudfunctions.googleapis.com/v2/projects/remp-193ad/locations/us-central1/functions/sendOrderEmail {"name":"projects/remp-193ad/locations/us-central1/functions/sendOrderEmail","buildConfig":{"runtime":"nodejs22","entryPoint":"sendOrderEmail","source":{"storageSource":{"bucket":"gcf-v2-uploads-646809599927.us-central1.cloudfunctions.appspot.com","object":"838de002-b9c0-46d0-8f1e-75d27a6ca90d.zip"}},"environmentVariables":{"GOOGLE_NODE_RUN_SCRIPTS":""}},"serviceConfig":{"environmentVariables":{"EMAIL_USER":"seattlerealestatephoto@gmail.com","EMAIL_PASS":"wdyk eaac qhea yhws","FIREBASE_CONFIG":"{\"projectId\":\"remp-193ad\",\"storageBucket\":\"remp-193ad.firebasestorage.app\"}","GCLOUD_PROJECT":"remp-193ad","EVENTARC_CLOUD_EVENT_SOURCE":"projects/remp-193ad/locations/us-central1/services/sendOrderEmail","FUNCTION_TARGET":"sendOrderEmail"},"ingressSettings":null,"timeoutSeconds":null,"serviceAccountEmail":null,"availableMemory":"256Mi","minInstanceCount":null,"maxInstanceCount":null,"maxInstanceRequestConcurrency":80,"availableCpu":"1","vpcConnector":null,"vpcConnectorEgressSettings":null},"labels":{"deployment-tool":"cli-firebase","firebase-functions-hash":"e8ad3b0fa61d9786db9addf58be38cfd6b4a73d6"}}
[error] Could not create or update Cloud Run service sendcontactemail, Container Healthcheck failed. Revision 'sendcontactemail-00001-buv' is not ready and cannot serve traffic. The user-provided container failed to start and listen on the port defined provided by the PORT=8080 environment variable within the allocated timeout. This can happen when the container port is misconfigured or if the timeout is too short. The health check timeout can be extended. Logs for this revision might contain more information.

Logs URL: https://console.cloud.google.com/logs/viewer?project=remp-193ad&resource=cloud_run_revision/service_name/sendcontactemail/revision_name/sendcontactemail-00001-buv&advancedFilter=resource.type%3D%22cloud_run_revision%22%0Aresource.labels.service_name%3D%22sendcontactemail%22%0Aresource.labels.revision_name%3D%22sendcontactemail-00001-buv%22 
For more troubleshooting guidance, see https://cloud.google.com/run/docs/troubleshooting#container-failed-to-start
[debug] [2025-02-13T06:51:02.503Z] <<< [apiv2][status] PATCH https://cloudfunctions.googleapis.com/v2/projects/remp-193ad/locations/us-central1/functions/sendOrderEmail 200
[debug] [2025-02-13T06:51:02.503Z] <<< [apiv2][body] PATCH https://cloudfunctions.googleapis.com/v2/projects/remp-193ad/locations/us-central1/functions/sendOrderEmail {"name":"projects/remp-193ad/locations/us-central1/operations/operation-1739429461893-62e007b30216a-9098571b-bfa6cfc7","metadata":{"@type":"type.googleapis.com/google.cloud.functions.v2.OperationMetadata","createTime":"2025-02-13T06:51:02.517965109Z","target":"projects/remp-193ad/locations/us-central1/functions/sendOrderEmail","verb":"update","cancelRequested":false,"apiVersion":"v2"},"done":false}
[debug] [2025-02-13T06:51:02.504Z] Checked if tokens are valid: true, expires at: 1739432673125
[debug] [2025-02-13T06:51:02.504Z] Checked if tokens are valid: true, expires at: 1739432673125
[debug] [2025-02-13T06:51:02.504Z] >>> [apiv2][query] GET https://cloudfunctions.googleapis.com/v2/projects/remp-193ad/locations/us-central1/operations/operation-1739429461893-62e007b30216a-9098571b-bfa6cfc7 [none]
[debug] [2025-02-13T06:51:02.776Z] <<< [apiv2][status] GET https://cloudfunctions.googleapis.com/v2/projects/remp-193ad/locations/us-central1/operations/operation-1739429461893-62e007b30216a-9098571b-bfa6cfc7 200
[debug] [2025-02-13T06:51:02.776Z] <<< [apiv2][body] GET https://cloudfunctions.googleapis.com/v2/projects/remp-193ad/locations/us-central1/operations/operation-1739429461893-62e007b30216a-9098571b-bfa6cfc7 {"name":"projects/remp-193ad/locations/us-central1/operations/operation-1739429461893-62e007b30216a-9098571b-bfa6cfc7","metadata":{"@type":"type.googleapis.com/google.cloud.functions.v2.OperationMetadata","createTime":"2025-02-13T06:51:02.517965109Z","target":"projects/remp-193ad/locations/us-central1/functions/sendOrderEmail","verb":"update","cancelRequested":false,"apiVersion":"v2","requestResource":{"@type":"type.googleapis.com/google.cloud.functions.v2.Function","name":"projects/remp-193ad/locations/us-central1/functions/sendOrderEmail","buildConfig":{"runtime":"nodejs22","entryPoint":"sendOrderEmail","source":{"storageSource":{"bucket":"gcf-v2-sources-646809599927-us-central1","object":"sendOrderEmail/function-source.zip","generation":"1739429462473588"}},"environmentVariables":{"GOOGLE_NODE_RUN_SCRIPTS":""},"dockerRepository":"projects/remp-193ad/locations/us-central1/repositories/gcf-artifacts","sourceProvenance":{"resolvedStorageSource":{"bucket":"gcf-v2-sources-646809599927-us-central1","object":"sendOrderEmail/function-source.zip","generation":"1739427244202247"}},"dockerRegistry":"ARTIFACT_REGISTRY","serviceAccount":"projects/remp-193ad/serviceAccounts/646809599927-compute@developer.gserviceaccount.com","automaticUpdatePolicy":{}},"serviceConfig":{"service":"projects/remp-193ad/locations/us-central1/services/sendorderemail","timeoutSeconds":60,"environmentVariables":{"EMAIL_USER":"seattlerealestatephoto@gmail.com","EMAIL_PASS":"wdyk eaac qhea yhws","FIREBASE_CONFIG":"{\"projectId\":\"remp-193ad\",\"storageBucket\":\"remp-193ad.firebasestorage.app\"}","GCLOUD_PROJECT":"remp-193ad","EVENTARC_CLOUD_EVENT_SOURCE":"projects/remp-193ad/locations/us-central1/services/sendOrderEmail","FUNCTION_TARGET":"sendOrderEmail","LOG_EXECUTION_ID":"true"},"ingressSettings":"ALLOW_ALL","serviceAccountEmail":"646809599927-compute@developer.gserviceaccount.com","availableMemory":"256Mi","maxInstanceRequestConcurrency":80,"availableCpu":"1"},"state":"FAILED","labels":{"firebase-functions-hash":"e8ad3b0fa61d9786db9addf58be38cfd6b4a73d6"},"stateMessages":[{"severity":"ERROR","type":"CloudRunServiceNotFound","message":"Cloud Run service projects/remp-193ad/locations/us-central1/services/sendorderemail for the function was not found. The function will not work correctly. Please redeploy."}],"environment":"GEN_2","url":"https://us-central1-remp-193ad.cloudfunctions.net/sendOrderEmail","satisfiesPzi":true},"stages":[{"name":"BUILD","state":"NOT_STARTED"},{"name":"SERVICE","state":"NOT_STARTED"}],"operationType":"UPDATE_FUNCTION"},"done":false}
[debug] [2025-02-13T06:51:03.277Z] [update-default-us-central1-sendOrderEmail] Retrying task index 0
[debug] [2025-02-13T06:51:03.278Z] Checked if tokens are valid: true, expires at: 1739432673125
[debug] [2025-02-13T06:51:03.278Z] Checked if tokens are valid: true, expires at: 1739432673125
[debug] [2025-02-13T06:51:03.279Z] >>> [apiv2][query] GET https://cloudfunctions.googleapis.com/v2/projects/remp-193ad/locations/us-central1/operations/operation-1739429461893-62e007b30216a-9098571b-bfa6cfc7 [none]
[debug] [2025-02-13T06:51:03.616Z] <<< [apiv2][status] GET https://cloudfunctions.googleapis.com/v2/projects/remp-193ad/locations/us-central1/operations/operation-1739429461893-62e007b30216a-9098571b-bfa6cfc7 200
[debug] [2025-02-13T06:51:03.616Z] <<< [apiv2][body] GET https://cloudfunctions.googleapis.com/v2/projects/remp-193ad/locations/us-central1/operations/operation-1739429461893-62e007b30216a-9098571b-bfa6cfc7 {"name":"projects/remp-193ad/locations/us-central1/operations/operation-1739429461893-62e007b30216a-9098571b-bfa6cfc7","metadata":{"@type":"type.googleapis.com/google.cloud.functions.v2.OperationMetadata","createTime":"2025-02-13T06:51:02.517965109Z","target":"projects/remp-193ad/locations/us-central1/functions/sendOrderEmail","verb":"update","cancelRequested":false,"apiVersion":"v2","requestResource":{"@type":"type.googleapis.com/google.cloud.functions.v2.Function","name":"projects/remp-193ad/locations/us-central1/functions/sendOrderEmail","buildConfig":{"runtime":"nodejs22","entryPoint":"sendOrderEmail","source":{"storageSource":{"bucket":"gcf-v2-sources-646809599927-us-central1","object":"sendOrderEmail/function-source.zip","generation":"1739429462473588"}},"environmentVariables":{"GOOGLE_NODE_RUN_SCRIPTS":""},"dockerRepository":"projects/remp-193ad/locations/us-central1/repositories/gcf-artifacts","sourceProvenance":{"resolvedStorageSource":{"bucket":"gcf-v2-sources-646809599927-us-central1","object":"sendOrderEmail/function-source.zip","generation":"1739427244202247"}},"dockerRegistry":"ARTIFACT_REGISTRY","serviceAccount":"projects/remp-193ad/serviceAccounts/646809599927-compute@developer.gserviceaccount.com","automaticUpdatePolicy":{}},"serviceConfig":{"service":"projects/remp-193ad/locations/us-central1/services/sendorderemail","timeoutSeconds":60,"environmentVariables":{"EMAIL_USER":"seattlerealestatephoto@gmail.com","EMAIL_PASS":"wdyk eaac qhea yhws","FIREBASE_CONFIG":"{\"projectId\":\"remp-193ad\",\"storageBucket\":\"remp-193ad.firebasestorage.app\"}","GCLOUD_PROJECT":"remp-193ad","EVENTARC_CLOUD_EVENT_SOURCE":"projects/remp-193ad/locations/us-central1/services/sendOrderEmail","FUNCTION_TARGET":"sendOrderEmail","LOG_EXECUTION_ID":"true"},"ingressSettings":"ALLOW_ALL","serviceAccountEmail":"646809599927-compute@developer.gserviceaccount.com","availableMemory":"256Mi","maxInstanceRequestConcurrency":80,"availableCpu":"1"},"state":"FAILED","labels":{"firebase-functions-hash":"e8ad3b0fa61d9786db9addf58be38cfd6b4a73d6"},"stateMessages":[{"severity":"ERROR","type":"CloudRunServiceNotFound","message":"Cloud Run service projects/remp-193ad/locations/us-central1/services/sendorderemail for the function was not found. The function will not work correctly. Please redeploy."}],"environment":"GEN_2","url":"https://us-central1-remp-193ad.cloudfunctions.net/sendOrderEmail","satisfiesPzi":true},"stages":[{"name":"BUILD","message":"Build in progress","state":"IN_PROGRESS","resource":"projects/646809599927/locations/us-central1/builds/5e224253-cb17-4120-8cab-1852a691dbd3","resourceUri":"https://console.cloud.google.com/cloud-build/builds;region=us-central1/5e224253-cb17-4120-8cab-1852a691dbd3?project=646809599927"},{"name":"SERVICE","state":"NOT_STARTED"}],"operationType":"UPDATE_FUNCTION","buildName":"projects/646809599927/locations/us-central1/builds/5e224253-cb17-4120-8cab-1852a691dbd3"},"done":false}
[debug] [2025-02-13T06:51:04.618Z] [update-default-us-central1-sendOrderEmail] Retrying task index 0
[debug] [2025-02-13T06:51:04.619Z] Checked if tokens are valid: true, expires at: 1739432673125
[debug] [2025-02-13T06:51:04.619Z] Checked if tokens are valid: true, expires at: 1739432673125
[debug] [2025-02-13T06:51:04.619Z] >>> [apiv2][query] GET https://cloudfunctions.googleapis.com/v2/projects/remp-193ad/locations/us-central1/operations/operation-1739429461893-62e007b30216a-9098571b-bfa6cfc7 [none]
[debug] [2025-02-13T06:51:04.750Z] <<< [apiv2][status] GET https://cloudfunctions.googleapis.com/v2/projects/remp-193ad/locations/us-central1/operations/operation-1739429461893-62e007b30216a-9098571b-bfa6cfc7 200
[debug] [2025-02-13T06:51:04.750Z] <<< [apiv2][body] GET https://cloudfunctions.googleapis.com/v2/projects/remp-193ad/locations/us-central1/operations/operation-1739429461893-62e007b30216a-9098571b-bfa6cfc7 {"name":"projects/remp-193ad/locations/us-central1/operations/operation-1739429461893-62e007b30216a-9098571b-bfa6cfc7","metadata":{"@type":"type.googleapis.com/google.cloud.functions.v2.OperationMetadata","createTime":"2025-02-13T06:51:02.517965109Z","target":"projects/remp-193ad/locations/us-central1/functions/sendOrderEmail","verb":"update","cancelRequested":false,"apiVersion":"v2","requestResource":{"@type":"type.googleapis.com/google.cloud.functions.v2.Function","name":"projects/remp-193ad/locations/us-central1/functions/sendOrderEmail","buildConfig":{"runtime":"nodejs22","entryPoint":"sendOrderEmail","source":{"storageSource":{"bucket":"gcf-v2-sources-646809599927-us-central1","object":"sendOrderEmail/function-source.zip","generation":"1739429462473588"}},"environmentVariables":{"GOOGLE_NODE_RUN_SCRIPTS":""},"dockerRepository":"projects/remp-193ad/locations/us-central1/repositories/gcf-artifacts","sourceProvenance":{"resolvedStorageSource":{"bucket":"gcf-v2-sources-646809599927-us-central1","object":"sendOrderEmail/function-source.zip","generation":"1739427244202247"}},"dockerRegistry":"ARTIFACT_REGISTRY","serviceAccount":"projects/remp-193ad/serviceAccounts/646809599927-compute@developer.gserviceaccount.com","automaticUpdatePolicy":{}},"serviceConfig":{"service":"projects/remp-193ad/locations/us-central1/services/sendorderemail","timeoutSeconds":60,"environmentVariables":{"EMAIL_USER":"seattlerealestatephoto@gmail.com","EMAIL_PASS":"wdyk eaac qhea yhws","FIREBASE_CONFIG":"{\"projectId\":\"remp-193ad\",\"storageBucket\":\"remp-193ad.firebasestorage.app\"}","GCLOUD_PROJECT":"remp-193ad","EVENTARC_CLOUD_EVENT_SOURCE":"projects/remp-193ad/locations/us-central1/services/sendOrderEmail","FUNCTION_TARGET":"sendOrderEmail","LOG_EXECUTION_ID":"true"},"ingressSettings":"ALLOW_ALL","serviceAccountEmail":"646809599927-compute@developer.gserviceaccount.com","availableMemory":"256Mi","maxInstanceRequestConcurrency":80,"availableCpu":"1"},"state":"FAILED","labels":{"firebase-functions-hash":"e8ad3b0fa61d9786db9addf58be38cfd6b4a73d6"},"stateMessages":[{"severity":"ERROR","type":"CloudRunServiceNotFound","message":"Cloud Run service projects/remp-193ad/locations/us-central1/services/sendorderemail for the function was not found. The function will not work correctly. Please redeploy."}],"environment":"GEN_2","url":"https://us-central1-remp-193ad.cloudfunctions.net/sendOrderEmail","satisfiesPzi":true},"stages":[{"name":"BUILD","message":"Build in progress","state":"IN_PROGRESS","resource":"projects/646809599927/locations/us-central1/builds/5e224253-cb17-4120-8cab-1852a691dbd3","resourceUri":"https://console.cloud.google.com/cloud-build/builds;region=us-central1/5e224253-cb17-4120-8cab-1852a691dbd3?project=646809599927"},{"name":"SERVICE","state":"NOT_STARTED"}],"operationType":"UPDATE_FUNCTION","buildName":"projects/646809599927/locations/us-central1/builds/5e224253-cb17-4120-8cab-1852a691dbd3"},"done":false}
[debug] [2025-02-13T06:51:06.752Z] [update-default-us-central1-sendOrderEmail] Retrying task index 0
[debug] [2025-02-13T06:51:06.752Z] Checked if tokens are valid: true, expires at: 1739432673125
[debug] [2025-02-13T06:51:06.753Z] Checked if tokens are valid: true, expires at: 1739432673125
[debug] [2025-02-13T06:51:06.753Z] >>> [apiv2][query] GET https://cloudfunctions.googleapis.com/v2/projects/remp-193ad/locations/us-central1/operations/operation-1739429461893-62e007b30216a-9098571b-bfa6cfc7 [none]
[debug] [2025-02-13T06:51:07.031Z] <<< [apiv2][status] GET https://cloudfunctions.googleapis.com/v2/projects/remp-193ad/locations/us-central1/operations/operation-1739429461893-62e007b30216a-9098571b-bfa6cfc7 200
[debug] [2025-02-13T06:51:07.031Z] <<< [apiv2][body] GET https://cloudfunctions.googleapis.com/v2/projects/remp-193ad/locations/us-central1/operations/operation-1739429461893-62e007b30216a-9098571b-bfa6cfc7 {"name":"projects/remp-193ad/locations/us-central1/operations/operation-1739429461893-62e007b30216a-9098571b-bfa6cfc7","metadata":{"@type":"type.googleapis.com/google.cloud.functions.v2.OperationMetadata","createTime":"2025-02-13T06:51:02.517965109Z","target":"projects/remp-193ad/locations/us-central1/functions/sendOrderEmail","verb":"update","cancelRequested":false,"apiVersion":"v2","requestResource":{"@type":"type.googleapis.com/google.cloud.functions.v2.Function","name":"projects/remp-193ad/locations/us-central1/functions/sendOrderEmail","buildConfig":{"runtime":"nodejs22","entryPoint":"sendOrderEmail","source":{"storageSource":{"bucket":"gcf-v2-sources-646809599927-us-central1","object":"sendOrderEmail/function-source.zip","generation":"1739429462473588"}},"environmentVariables":{"GOOGLE_NODE_RUN_SCRIPTS":""},"dockerRepository":"projects/remp-193ad/locations/us-central1/repositories/gcf-artifacts","sourceProvenance":{"resolvedStorageSource":{"bucket":"gcf-v2-sources-646809599927-us-central1","object":"sendOrderEmail/function-source.zip","generation":"1739427244202247"}},"dockerRegistry":"ARTIFACT_REGISTRY","serviceAccount":"projects/remp-193ad/serviceAccounts/646809599927-compute@developer.gserviceaccount.com","automaticUpdatePolicy":{}},"serviceConfig":{"service":"projects/remp-193ad/locations/us-central1/services/sendorderemail","timeoutSeconds":60,"environmentVariables":{"EMAIL_USER":"seattlerealestatephoto@gmail.com","EMAIL_PASS":"wdyk eaac qhea yhws","FIREBASE_CONFIG":"{\"projectId\":\"remp-193ad\",\"storageBucket\":\"remp-193ad.firebasestorage.app\"}","GCLOUD_PROJECT":"remp-193ad","EVENTARC_CLOUD_EVENT_SOURCE":"projects/remp-193ad/locations/us-central1/services/sendOrderEmail","FUNCTION_TARGET":"sendOrderEmail","LOG_EXECUTION_ID":"true"},"ingressSettings":"ALLOW_ALL","serviceAccountEmail":"646809599927-compute@developer.gserviceaccount.com","availableMemory":"256Mi","maxInstanceRequestConcurrency":80,"availableCpu":"1"},"state":"FAILED","labels":{"firebase-functions-hash":"e8ad3b0fa61d9786db9addf58be38cfd6b4a73d6"},"stateMessages":[{"severity":"ERROR","type":"CloudRunServiceNotFound","message":"Cloud Run service projects/remp-193ad/locations/us-central1/services/sendorderemail for the function was not found. The function will not work correctly. Please redeploy."}],"environment":"GEN_2","url":"https://us-central1-remp-193ad.cloudfunctions.net/sendOrderEmail","satisfiesPzi":true},"stages":[{"name":"BUILD","message":"Build in progress","state":"IN_PROGRESS","resource":"projects/646809599927/locations/us-central1/builds/5e224253-cb17-4120-8cab-1852a691dbd3","resourceUri":"https://console.cloud.google.com/cloud-build/builds;region=us-central1/5e224253-cb17-4120-8cab-1852a691dbd3?project=646809599927"},{"name":"SERVICE","state":"NOT_STARTED"}],"operationType":"UPDATE_FUNCTION","buildName":"projects/646809599927/locations/us-central1/builds/5e224253-cb17-4120-8cab-1852a691dbd3"},"done":false}
[debug] [2025-02-13T06:51:11.033Z] [update-default-us-central1-sendOrderEmail] Retrying task index 0
[debug] [2025-02-13T06:51:11.034Z] Checked if tokens are valid: true, expires at: 1739432673125
[debug] [2025-02-13T06:51:11.034Z] Checked if tokens are valid: true, expires at: 1739432673125
[debug] [2025-02-13T06:51:11.034Z] >>> [apiv2][query] GET https://cloudfunctions.googleapis.com/v2/projects/remp-193ad/locations/us-central1/operations/operation-1739429461893-62e007b30216a-9098571b-bfa6cfc7 [none]
[debug] [2025-02-13T06:51:11.307Z] <<< [apiv2][status] GET https://cloudfunctions.googleapis.com/v2/projects/remp-193ad/locations/us-central1/operations/operation-1739429461893-62e007b30216a-9098571b-bfa6cfc7 200
[debug] [2025-02-13T06:51:11.308Z] <<< [apiv2][body] GET https://cloudfunctions.googleapis.com/v2/projects/remp-193ad/locations/us-central1/operations/operation-1739429461893-62e007b30216a-9098571b-bfa6cfc7 {"name":"projects/remp-193ad/locations/us-central1/operations/operation-1739429461893-62e007b30216a-9098571b-bfa6cfc7","metadata":{"@type":"type.googleapis.com/google.cloud.functions.v2.OperationMetadata","createTime":"2025-02-13T06:51:02.517965109Z","target":"projects/remp-193ad/locations/us-central1/functions/sendOrderEmail","verb":"update","cancelRequested":false,"apiVersion":"v2","requestResource":{"@type":"type.googleapis.com/google.cloud.functions.v2.Function","name":"projects/remp-193ad/locations/us-central1/functions/sendOrderEmail","buildConfig":{"runtime":"nodejs22","entryPoint":"sendOrderEmail","source":{"storageSource":{"bucket":"gcf-v2-sources-646809599927-us-central1","object":"sendOrderEmail/function-source.zip","generation":"1739429462473588"}},"environmentVariables":{"GOOGLE_NODE_RUN_SCRIPTS":""},"dockerRepository":"projects/remp-193ad/locations/us-central1/repositories/gcf-artifacts","sourceProvenance":{"resolvedStorageSource":{"bucket":"gcf-v2-sources-646809599927-us-central1","object":"sendOrderEmail/function-source.zip","generation":"1739427244202247"}},"dockerRegistry":"ARTIFACT_REGISTRY","serviceAccount":"projects/remp-193ad/serviceAccounts/646809599927-compute@developer.gserviceaccount.com","automaticUpdatePolicy":{}},"serviceConfig":{"service":"projects/remp-193ad/locations/us-central1/services/sendorderemail","timeoutSeconds":60,"environmentVariables":{"EMAIL_USER":"seattlerealestatephoto@gmail.com","EMAIL_PASS":"wdyk eaac qhea yhws","FIREBASE_CONFIG":"{\"projectId\":\"remp-193ad\",\"storageBucket\":\"remp-193ad.firebasestorage.app\"}","GCLOUD_PROJECT":"remp-193ad","EVENTARC_CLOUD_EVENT_SOURCE":"projects/remp-193ad/locations/us-central1/services/sendOrderEmail","FUNCTION_TARGET":"sendOrderEmail","LOG_EXECUTION_ID":"true"},"ingressSettings":"ALLOW_ALL","serviceAccountEmail":"646809599927-compute@developer.gserviceaccount.com","availableMemory":"256Mi","maxInstanceRequestConcurrency":80,"availableCpu":"1"},"state":"FAILED","labels":{"firebase-functions-hash":"e8ad3b0fa61d9786db9addf58be38cfd6b4a73d6"},"stateMessages":[{"severity":"ERROR","type":"CloudRunServiceNotFound","message":"Cloud Run service projects/remp-193ad/locations/us-central1/services/sendorderemail for the function was not found. The function will not work correctly. Please redeploy."}],"environment":"GEN_2","url":"https://us-central1-remp-193ad.cloudfunctions.net/sendOrderEmail","satisfiesPzi":true},"stages":[{"name":"BUILD","message":"Build in progress","state":"IN_PROGRESS","resource":"projects/646809599927/locations/us-central1/builds/5e224253-cb17-4120-8cab-1852a691dbd3","resourceUri":"https://console.cloud.google.com/cloud-build/builds;region=us-central1/5e224253-cb17-4120-8cab-1852a691dbd3?project=646809599927"},{"name":"SERVICE","state":"NOT_STARTED"}],"operationType":"UPDATE_FUNCTION","buildName":"projects/646809599927/locations/us-central1/builds/5e224253-cb17-4120-8cab-1852a691dbd3"},"done":false}
[debug] [2025-02-13T06:51:19.309Z] [update-default-us-central1-sendOrderEmail] Retrying task index 0
[debug] [2025-02-13T06:51:19.310Z] Checked if tokens are valid: true, expires at: 1739432673125
[debug] [2025-02-13T06:51:19.310Z] Checked if tokens are valid: true, expires at: 1739432673125
[debug] [2025-02-13T06:51:19.310Z] >>> [apiv2][query] GET https://cloudfunctions.googleapis.com/v2/projects/remp-193ad/locations/us-central1/operations/operation-1739429461893-62e007b30216a-9098571b-bfa6cfc7 [none]
[debug] [2025-02-13T06:51:19.686Z] <<< [apiv2][status] GET https://cloudfunctions.googleapis.com/v2/projects/remp-193ad/locations/us-central1/operations/operation-1739429461893-62e007b30216a-9098571b-bfa6cfc7 200
[debug] [2025-02-13T06:51:19.686Z] <<< [apiv2][body] GET https://cloudfunctions.googleapis.com/v2/projects/remp-193ad/locations/us-central1/operations/operation-1739429461893-62e007b30216a-9098571b-bfa6cfc7 {"name":"projects/remp-193ad/locations/us-central1/operations/operation-1739429461893-62e007b30216a-9098571b-bfa6cfc7","metadata":{"@type":"type.googleapis.com/google.cloud.functions.v2.OperationMetadata","createTime":"2025-02-13T06:51:02.517965109Z","target":"projects/remp-193ad/locations/us-central1/functions/sendOrderEmail","verb":"update","cancelRequested":false,"apiVersion":"v2","requestResource":{"@type":"type.googleapis.com/google.cloud.functions.v2.Function","name":"projects/remp-193ad/locations/us-central1/functions/sendOrderEmail","buildConfig":{"runtime":"nodejs22","entryPoint":"sendOrderEmail","source":{"storageSource":{"bucket":"gcf-v2-sources-646809599927-us-central1","object":"sendOrderEmail/function-source.zip","generation":"1739429462473588"}},"environmentVariables":{"GOOGLE_NODE_RUN_SCRIPTS":""},"dockerRepository":"projects/remp-193ad/locations/us-central1/repositories/gcf-artifacts","sourceProvenance":{"resolvedStorageSource":{"bucket":"gcf-v2-sources-646809599927-us-central1","object":"sendOrderEmail/function-source.zip","generation":"1739427244202247"}},"dockerRegistry":"ARTIFACT_REGISTRY","serviceAccount":"projects/remp-193ad/serviceAccounts/646809599927-compute@developer.gserviceaccount.com","automaticUpdatePolicy":{}},"serviceConfig":{"service":"projects/remp-193ad/locations/us-central1/services/sendorderemail","timeoutSeconds":60,"environmentVariables":{"EMAIL_USER":"seattlerealestatephoto@gmail.com","EMAIL_PASS":"wdyk eaac qhea yhws","FIREBASE_CONFIG":"{\"projectId\":\"remp-193ad\",\"storageBucket\":\"remp-193ad.firebasestorage.app\"}","GCLOUD_PROJECT":"remp-193ad","EVENTARC_CLOUD_EVENT_SOURCE":"projects/remp-193ad/locations/us-central1/services/sendOrderEmail","FUNCTION_TARGET":"sendOrderEmail","LOG_EXECUTION_ID":"true"},"ingressSettings":"ALLOW_ALL","serviceAccountEmail":"646809599927-compute@developer.gserviceaccount.com","availableMemory":"256Mi","maxInstanceRequestConcurrency":80,"availableCpu":"1"},"state":"FAILED","labels":{"firebase-functions-hash":"e8ad3b0fa61d9786db9addf58be38cfd6b4a73d6"},"stateMessages":[{"severity":"ERROR","type":"CloudRunServiceNotFound","message":"Cloud Run service projects/remp-193ad/locations/us-central1/services/sendorderemail for the function was not found. The function will not work correctly. Please redeploy."}],"environment":"GEN_2","url":"https://us-central1-remp-193ad.cloudfunctions.net/sendOrderEmail","satisfiesPzi":true},"stages":[{"name":"BUILD","message":"Build in progress","state":"IN_PROGRESS","resource":"projects/646809599927/locations/us-central1/builds/5e224253-cb17-4120-8cab-1852a691dbd3","resourceUri":"https://console.cloud.google.com/cloud-build/builds;region=us-central1/5e224253-cb17-4120-8cab-1852a691dbd3?project=646809599927"},{"name":"SERVICE","state":"NOT_STARTED"}],"operationType":"UPDATE_FUNCTION","buildName":"projects/646809599927/locations/us-central1/builds/5e224253-cb17-4120-8cab-1852a691dbd3"},"done":false}
[debug] [2025-02-13T06:51:29.687Z] [update-default-us-central1-sendOrderEmail] Retrying task index 0
[debug] [2025-02-13T06:51:29.690Z] Checked if tokens are valid: true, expires at: 1739432673125
[debug] [2025-02-13T06:51:29.690Z] Checked if tokens are valid: true, expires at: 1739432673125
[debug] [2025-02-13T06:51:29.691Z] >>> [apiv2][query] GET https://cloudfunctions.googleapis.com/v2/projects/remp-193ad/locations/us-central1/operations/operation-1739429461893-62e007b30216a-9098571b-bfa6cfc7 [none]
[debug] [2025-02-13T06:51:30.033Z] <<< [apiv2][status] GET https://cloudfunctions.googleapis.com/v2/projects/remp-193ad/locations/us-central1/operations/operation-1739429461893-62e007b30216a-9098571b-bfa6cfc7 200
[debug] [2025-02-13T06:51:30.033Z] <<< [apiv2][body] GET https://cloudfunctions.googleapis.com/v2/projects/remp-193ad/locations/us-central1/operations/operation-1739429461893-62e007b30216a-9098571b-bfa6cfc7 {"name":"projects/remp-193ad/locations/us-central1/operations/operation-1739429461893-62e007b30216a-9098571b-bfa6cfc7","metadata":{"@type":"type.googleapis.com/google.cloud.functions.v2.OperationMetadata","createTime":"2025-02-13T06:51:02.517965109Z","target":"projects/remp-193ad/locations/us-central1/functions/sendOrderEmail","verb":"update","cancelRequested":false,"apiVersion":"v2","requestResource":{"@type":"type.googleapis.com/google.cloud.functions.v2.Function","name":"projects/remp-193ad/locations/us-central1/functions/sendOrderEmail","buildConfig":{"runtime":"nodejs22","entryPoint":"sendOrderEmail","source":{"storageSource":{"bucket":"gcf-v2-sources-646809599927-us-central1","object":"sendOrderEmail/function-source.zip","generation":"1739429462473588"}},"environmentVariables":{"GOOGLE_NODE_RUN_SCRIPTS":""},"dockerRepository":"projects/remp-193ad/locations/us-central1/repositories/gcf-artifacts","sourceProvenance":{"resolvedStorageSource":{"bucket":"gcf-v2-sources-646809599927-us-central1","object":"sendOrderEmail/function-source.zip","generation":"1739427244202247"}},"dockerRegistry":"ARTIFACT_REGISTRY","serviceAccount":"projects/remp-193ad/serviceAccounts/646809599927-compute@developer.gserviceaccount.com","automaticUpdatePolicy":{}},"serviceConfig":{"service":"projects/remp-193ad/locations/us-central1/services/sendorderemail","timeoutSeconds":60,"environmentVariables":{"EMAIL_USER":"seattlerealestatephoto@gmail.com","EMAIL_PASS":"wdyk eaac qhea yhws","FIREBASE_CONFIG":"{\"projectId\":\"remp-193ad\",\"storageBucket\":\"remp-193ad.firebasestorage.app\"}","GCLOUD_PROJECT":"remp-193ad","EVENTARC_CLOUD_EVENT_SOURCE":"projects/remp-193ad/locations/us-central1/services/sendOrderEmail","FUNCTION_TARGET":"sendOrderEmail","LOG_EXECUTION_ID":"true"},"ingressSettings":"ALLOW_ALL","serviceAccountEmail":"646809599927-compute@developer.gserviceaccount.com","availableMemory":"256Mi","maxInstanceRequestConcurrency":80,"availableCpu":"1"},"state":"FAILED","labels":{"firebase-functions-hash":"e8ad3b0fa61d9786db9addf58be38cfd6b4a73d6"},"stateMessages":[{"severity":"ERROR","type":"CloudRunServiceNotFound","message":"Cloud Run service projects/remp-193ad/locations/us-central1/services/sendorderemail for the function was not found. The function will not work correctly. Please redeploy."}],"environment":"GEN_2","url":"https://us-central1-remp-193ad.cloudfunctions.net/sendOrderEmail","satisfiesPzi":true},"stages":[{"name":"BUILD","message":"Build in progress","state":"IN_PROGRESS","resource":"projects/646809599927/locations/us-central1/builds/5e224253-cb17-4120-8cab-1852a691dbd3","resourceUri":"https://console.cloud.google.com/cloud-build/builds;region=us-central1/5e224253-cb17-4120-8cab-1852a691dbd3?project=646809599927"},{"name":"SERVICE","state":"NOT_STARTED"}],"operationType":"UPDATE_FUNCTION","buildName":"projects/646809599927/locations/us-central1/builds/5e224253-cb17-4120-8cab-1852a691dbd3"},"done":false}
[debug] [2025-02-13T06:51:40.035Z] [update-default-us-central1-sendOrderEmail] Retrying task index 0
[debug] [2025-02-13T06:51:40.036Z] Checked if tokens are valid: true, expires at: 1739432673125
[debug] [2025-02-13T06:51:40.036Z] Checked if tokens are valid: true, expires at: 1739432673125
[debug] [2025-02-13T06:51:40.036Z] >>> [apiv2][query] GET https://cloudfunctions.googleapis.com/v2/projects/remp-193ad/locations/us-central1/operations/operation-1739429461893-62e007b30216a-9098571b-bfa6cfc7 [none]
[debug] [2025-02-13T06:51:40.401Z] <<< [apiv2][status] GET https://cloudfunctions.googleapis.com/v2/projects/remp-193ad/locations/us-central1/operations/operation-1739429461893-62e007b30216a-9098571b-bfa6cfc7 200
[debug] [2025-02-13T06:51:40.402Z] <<< [apiv2][body] GET https://cloudfunctions.googleapis.com/v2/projects/remp-193ad/locations/us-central1/operations/operation-1739429461893-62e007b30216a-9098571b-bfa6cfc7 {"name":"projects/remp-193ad/locations/us-central1/operations/operation-1739429461893-62e007b30216a-9098571b-bfa6cfc7","metadata":{"@type":"type.googleapis.com/google.cloud.functions.v2.OperationMetadata","createTime":"2025-02-13T06:51:02.517965109Z","target":"projects/remp-193ad/locations/us-central1/functions/sendOrderEmail","verb":"update","cancelRequested":false,"apiVersion":"v2","requestResource":{"@type":"type.googleapis.com/google.cloud.functions.v2.Function","name":"projects/remp-193ad/locations/us-central1/functions/sendOrderEmail","buildConfig":{"runtime":"nodejs22","entryPoint":"sendOrderEmail","source":{"storageSource":{"bucket":"gcf-v2-sources-646809599927-us-central1","object":"sendOrderEmail/function-source.zip","generation":"1739429462473588"}},"environmentVariables":{"GOOGLE_NODE_RUN_SCRIPTS":""},"dockerRepository":"projects/remp-193ad/locations/us-central1/repositories/gcf-artifacts","sourceProvenance":{"resolvedStorageSource":{"bucket":"gcf-v2-sources-646809599927-us-central1","object":"sendOrderEmail/function-source.zip","generation":"1739427244202247"}},"dockerRegistry":"ARTIFACT_REGISTRY","serviceAccount":"projects/remp-193ad/serviceAccounts/646809599927-compute@developer.gserviceaccount.com","automaticUpdatePolicy":{}},"serviceConfig":{"service":"projects/remp-193ad/locations/us-central1/services/sendorderemail","timeoutSeconds":60,"environmentVariables":{"EMAIL_USER":"seattlerealestatephoto@gmail.com","EMAIL_PASS":"wdyk eaac qhea yhws","FIREBASE_CONFIG":"{\"projectId\":\"remp-193ad\",\"storageBucket\":\"remp-193ad.firebasestorage.app\"}","GCLOUD_PROJECT":"remp-193ad","EVENTARC_CLOUD_EVENT_SOURCE":"projects/remp-193ad/locations/us-central1/services/sendOrderEmail","FUNCTION_TARGET":"sendOrderEmail","LOG_EXECUTION_ID":"true"},"ingressSettings":"ALLOW_ALL","serviceAccountEmail":"646809599927-compute@developer.gserviceaccount.com","availableMemory":"256Mi","maxInstanceRequestConcurrency":80,"availableCpu":"1"},"state":"FAILED","labels":{"firebase-functions-hash":"e8ad3b0fa61d9786db9addf58be38cfd6b4a73d6"},"stateMessages":[{"severity":"ERROR","type":"CloudRunServiceNotFound","message":"Cloud Run service projects/remp-193ad/locations/us-central1/services/sendorderemail for the function was not found. The function will not work correctly. Please redeploy."}],"environment":"GEN_2","url":"https://us-central1-remp-193ad.cloudfunctions.net/sendOrderEmail","satisfiesPzi":true},"stages":[{"name":"BUILD","message":"Build in progress","state":"IN_PROGRESS","resource":"projects/646809599927/locations/us-central1/builds/5e224253-cb17-4120-8cab-1852a691dbd3","resourceUri":"https://console.cloud.google.com/cloud-build/builds;region=us-central1/5e224253-cb17-4120-8cab-1852a691dbd3?project=646809599927"},{"name":"SERVICE","state":"NOT_STARTED"}],"operationType":"UPDATE_FUNCTION","buildName":"projects/646809599927/locations/us-central1/builds/5e224253-cb17-4120-8cab-1852a691dbd3"},"done":false}
[debug] [2025-02-13T06:51:50.403Z] [update-default-us-central1-sendOrderEmail] Retrying task index 0
[debug] [2025-02-13T06:51:50.407Z] Checked if tokens are valid: true, expires at: 1739432673125
[debug] [2025-02-13T06:51:50.407Z] Checked if tokens are valid: true, expires at: 1739432673125
[debug] [2025-02-13T06:51:50.408Z] >>> [apiv2][query] GET https://cloudfunctions.googleapis.com/v2/projects/remp-193ad/locations/us-central1/operations/operation-1739429461893-62e007b30216a-9098571b-bfa6cfc7 [none]
[debug] [2025-02-13T06:51:50.742Z] <<< [apiv2][status] GET https://cloudfunctions.googleapis.com/v2/projects/remp-193ad/locations/us-central1/operations/operation-1739429461893-62e007b30216a-9098571b-bfa6cfc7 200
[debug] [2025-02-13T06:51:50.743Z] <<< [apiv2][body] GET https://cloudfunctions.googleapis.com/v2/projects/remp-193ad/locations/us-central1/operations/operation-1739429461893-62e007b30216a-9098571b-bfa6cfc7 {"name":"projects/remp-193ad/locations/us-central1/operations/operation-1739429461893-62e007b30216a-9098571b-bfa6cfc7","metadata":{"@type":"type.googleapis.com/google.cloud.functions.v2.OperationMetadata","createTime":"2025-02-13T06:51:02.517965109Z","target":"projects/remp-193ad/locations/us-central1/functions/sendOrderEmail","verb":"update","cancelRequested":false,"apiVersion":"v2","requestResource":{"@type":"type.googleapis.com/google.cloud.functions.v2.Function","name":"projects/remp-193ad/locations/us-central1/functions/sendOrderEmail","buildConfig":{"runtime":"nodejs22","entryPoint":"sendOrderEmail","source":{"storageSource":{"bucket":"gcf-v2-sources-646809599927-us-central1","object":"sendOrderEmail/function-source.zip","generation":"1739429462473588"}},"environmentVariables":{"GOOGLE_NODE_RUN_SCRIPTS":""},"dockerRepository":"projects/remp-193ad/locations/us-central1/repositories/gcf-artifacts","sourceProvenance":{"resolvedStorageSource":{"bucket":"gcf-v2-sources-646809599927-us-central1","object":"sendOrderEmail/function-source.zip","generation":"1739427244202247"}},"dockerRegistry":"ARTIFACT_REGISTRY","serviceAccount":"projects/remp-193ad/serviceAccounts/646809599927-compute@developer.gserviceaccount.com","automaticUpdatePolicy":{}},"serviceConfig":{"service":"projects/remp-193ad/locations/us-central1/services/sendorderemail","timeoutSeconds":60,"environmentVariables":{"EMAIL_USER":"seattlerealestatephoto@gmail.com","EMAIL_PASS":"wdyk eaac qhea yhws","FIREBASE_CONFIG":"{\"projectId\":\"remp-193ad\",\"storageBucket\":\"remp-193ad.firebasestorage.app\"}","GCLOUD_PROJECT":"remp-193ad","EVENTARC_CLOUD_EVENT_SOURCE":"projects/remp-193ad/locations/us-central1/services/sendOrderEmail","FUNCTION_TARGET":"sendOrderEmail","LOG_EXECUTION_ID":"true"},"ingressSettings":"ALLOW_ALL","serviceAccountEmail":"646809599927-compute@developer.gserviceaccount.com","availableMemory":"256Mi","maxInstanceRequestConcurrency":80,"availableCpu":"1"},"state":"FAILED","labels":{"firebase-functions-hash":"e8ad3b0fa61d9786db9addf58be38cfd6b4a73d6"},"stateMessages":[{"severity":"ERROR","type":"CloudRunServiceNotFound","message":"Cloud Run service projects/remp-193ad/locations/us-central1/services/sendorderemail for the function was not found. The function will not work correctly. Please redeploy."}],"environment":"GEN_2","url":"https://us-central1-remp-193ad.cloudfunctions.net/sendOrderEmail","satisfiesPzi":true},"stages":[{"name":"BUILD","message":"Build in progress","state":"IN_PROGRESS","resource":"projects/646809599927/locations/us-central1/builds/5e224253-cb17-4120-8cab-1852a691dbd3","resourceUri":"https://console.cloud.google.com/cloud-build/builds;region=us-central1/5e224253-cb17-4120-8cab-1852a691dbd3?project=646809599927"},{"name":"SERVICE","state":"NOT_STARTED"}],"operationType":"UPDATE_FUNCTION","buildName":"projects/646809599927/locations/us-central1/builds/5e224253-cb17-4120-8cab-1852a691dbd3"},"done":false}
[debug] [2025-02-13T07:08:54.757Z] [update-default-us-central1-sendOrderEmail] Retrying task index 0
[debug] [2025-02-13T07:08:54.759Z] Checked if tokens are valid: true, expires at: 1739432673125
[debug] [2025-02-13T07:08:54.760Z] Checked if tokens are valid: true, expires at: 1739432673125
[debug] [2025-02-13T07:08:54.760Z] >>> [apiv2][query] GET https://cloudfunctions.googleapis.com/v2/projects/remp-193ad/locations/us-central1/operations/operation-1739429461893-62e007b30216a-9098571b-bfa6cfc7 [none]
[debug] [2025-02-13T07:08:55.467Z] <<< [apiv2][status] GET https://cloudfunctions.googleapis.com/v2/projects/remp-193ad/locations/us-central1/operations/operation-1739429461893-62e007b30216a-9098571b-bfa6cfc7 200
[debug] [2025-02-13T07:08:55.467Z] <<< [apiv2][body] GET https://cloudfunctions.googleapis.com/v2/projects/remp-193ad/locations/us-central1/operations/operation-1739429461893-62e007b30216a-9098571b-bfa6cfc7 {"name":"projects/remp-193ad/locations/us-central1/operations/operation-1739429461893-62e007b30216a-9098571b-bfa6cfc7","metadata":{"@type":"type.googleapis.com/google.cloud.functions.v2.OperationMetadata","createTime":"2025-02-13T06:51:02.517965109Z","endTime":"2025-02-13T06:51:59.920979487Z","target":"projects/remp-193ad/locations/us-central1/functions/sendOrderEmail","verb":"update","cancelRequested":false,"apiVersion":"v2","requestResource":{"@type":"type.googleapis.com/google.cloud.functions.v2.Function","name":"projects/remp-193ad/locations/us-central1/functions/sendOrderEmail","buildConfig":{"runtime":"nodejs22","entryPoint":"sendOrderEmail","source":{"storageSource":{"bucket":"gcf-v2-sources-646809599927-us-central1","object":"sendOrderEmail/function-source.zip","generation":"1739429462473588"}},"environmentVariables":{"GOOGLE_NODE_RUN_SCRIPTS":""},"dockerRepository":"projects/remp-193ad/locations/us-central1/repositories/gcf-artifacts","sourceProvenance":{"resolvedStorageSource":{"bucket":"gcf-v2-sources-646809599927-us-central1","object":"sendOrderEmail/function-source.zip","generation":"1739427244202247"}},"dockerRegistry":"ARTIFACT_REGISTRY","serviceAccount":"projects/remp-193ad/serviceAccounts/646809599927-compute@developer.gserviceaccount.com","automaticUpdatePolicy":{}},"serviceConfig":{"service":"projects/remp-193ad/locations/us-central1/services/sendorderemail","timeoutSeconds":60,"environmentVariables":{"EMAIL_USER":"seattlerealestatephoto@gmail.com","EMAIL_PASS":"wdyk eaac qhea yhws","FIREBASE_CONFIG":"{\"projectId\":\"remp-193ad\",\"storageBucket\":\"remp-193ad.firebasestorage.app\"}","GCLOUD_PROJECT":"remp-193ad","EVENTARC_CLOUD_EVENT_SOURCE":"projects/remp-193ad/locations/us-central1/services/sendOrderEmail","FUNCTION_TARGET":"sendOrderEmail","LOG_EXECUTION_ID":"true"},"ingressSettings":"ALLOW_ALL","serviceAccountEmail":"646809599927-compute@developer.gserviceaccount.com","availableMemory":"256Mi","maxInstanceRequestConcurrency":80,"availableCpu":"1"},"state":"FAILED","labels":{"firebase-functions-hash":"e8ad3b0fa61d9786db9addf58be38cfd6b4a73d6"},"stateMessages":[{"severity":"ERROR","type":"CloudRunServiceNotFound","message":"Cloud Run service projects/remp-193ad/locations/us-central1/services/sendorderemail for the function was not found. The function will not work correctly. Please redeploy."}],"environment":"GEN_2","url":"https://us-central1-remp-193ad.cloudfunctions.net/sendOrderEmail","satisfiesPzi":true},"stages":[{"name":"SERVICE","state":"NOT_STARTED"}],"operationType":"UPDATE_FUNCTION"},"done":true,"error":{"code":3,"message":"Could not create or update Cloud Run service sendorderemail, Container Healthcheck failed. Revision 'sendorderemail-00001-xug' is not ready and cannot serve traffic. The user-provided container failed to start and listen on the port defined provided by the PORT=8080 environment variable within the allocated timeout. This can happen when the container port is misconfigured or if the timeout is too short. The health check timeout can be extended. Logs for this revision might contain more information.\n\nLogs URL: https://console.cloud.google.com/logs/viewer?project=remp-193ad&resource=cloud_run_revision/service_name/sendorderemail/revision_name/sendorderemail-00001-xug&advancedFilter=resource.type%3D%22cloud_run_revision%22%0Aresource.labels.service_name%3D%22sendorderemail%22%0Aresource.labels.revision_name%3D%22sendorderemail-00001-xug%22 \nFor more troubleshooting guidance, see https://cloud.google.com/run/docs/troubleshooting#container-failed-to-start"}}
[debug] [2025-02-13T07:08:55.468Z] Got source token undefined for region us-central1
[error] Could not create or update Cloud Run service sendorderemail, Container Healthcheck failed. Revision 'sendorderemail-00001-xug' is not ready and cannot serve traffic. The user-provided container failed to start and listen on the port defined provided by the PORT=8080 environment variable within the allocated timeout. This can happen when the container port is misconfigured or if the timeout is too short. The health check timeout can be extended. Logs for this revision might contain more information.

Logs URL: https://console.cloud.google.com/logs/viewer?project=remp-193ad&resource=cloud_run_revision/service_name/sendorderemail/revision_name/sendorderemail-00001-xug&advancedFilter=resource.type%3D%22cloud_run_revision%22%0Aresource.labels.service_name%3D%22sendorderemail%22%0Aresource.labels.revision_name%3D%22sendorderemail-00001-xug%22 
For more troubleshooting guidance, see https://cloud.google.com/run/docs/troubleshooting#container-failed-to-start
[debug] [2025-02-13T07:08:55.500Z] Total Function Deployment time: 1133922
[debug] [2025-02-13T07:08:55.500Z] 2 Functions Deployed
[debug] [2025-02-13T07:08:55.500Z] 2 Functions Errored
[debug] [2025-02-13T07:08:55.500Z] 0 Function Deployments Aborted
[debug] [2025-02-13T07:08:55.500Z] Average Function Deployment time: 596952
[info] 
[info] Functions deploy had errors with the following functions:
	sendContactEmail(us-central1)
	sendOrderEmail(us-central1)
[debug] [2025-02-13T07:08:58.552Z] Not printing URL for HTTPS function. Typically this means it didn't match a filter or we failed deployment
[debug] [2025-02-13T07:08:58.552Z] Not printing URL for HTTPS function. Typically this means it didn't match a filter or we failed deployment
[info] i  functions: cleaning up build files... 
[debug] [2025-02-13T07:08:58.553Z] Checked if tokens are valid: true, expires at: 1739432673125
[debug] [2025-02-13T07:08:58.553Z] Checked if tokens are valid: true, expires at: 1739432673125
[debug] [2025-02-13T07:08:58.553Z] Checked if tokens are valid: true, expires at: 1739432673125
[debug] [2025-02-13T07:08:58.553Z] Checked if tokens are valid: true, expires at: 1739432673125
[debug] [2025-02-13T07:08:58.554Z] Checked if tokens are valid: true, expires at: 1739432673125
[debug] [2025-02-13T07:08:58.554Z] Checked if tokens are valid: true, expires at: 1739432673125
[debug] [2025-02-13T07:08:58.554Z] >>> [apiv2][query] DELETE https://artifactregistry.googleapis.com/v1beta2/projects/remp-193ad/locations/us-central1/repositories/gcf-artifacts/packages/send_contact_email [none]
[debug] [2025-02-13T07:08:58.555Z] >>> [apiv2][query] DELETE https://artifactregistry.googleapis.com/v1beta2/projects/remp-193ad/locations/us-central1/repositories/gcf-artifacts/packages/send_order_email [none]
[debug] [2025-02-13T07:08:58.555Z] >>> [apiv2][query] GET https://us.gcr.io/v2/remp-193ad/gcf/us-central1/tags/list [none]
[debug] [2025-02-13T07:08:59.409Z] <<< [apiv2][status] DELETE https://artifactregistry.googleapis.com/v1beta2/projects/remp-193ad/locations/us-central1/repositories/gcf-artifacts/packages/send_contact_email 404
[debug] [2025-02-13T07:08:59.409Z] <<< [apiv2][body] DELETE https://artifactregistry.googleapis.com/v1beta2/projects/remp-193ad/locations/us-central1/repositories/gcf-artifacts/packages/send_contact_email {"error":{"code":404,"message":"Package \"projects/remp-193ad/locations/us-central1/repositories/gcf-artifacts/packages/send_contact_email\" was not found.","status":"NOT_FOUND"}}
[debug] [2025-02-13T07:08:59.495Z] <<< [apiv2][status] DELETE https://artifactregistry.googleapis.com/v1beta2/projects/remp-193ad/locations/us-central1/repositories/gcf-artifacts/packages/send_order_email 404
[debug] [2025-02-13T07:08:59.495Z] <<< [apiv2][body] DELETE https://artifactregistry.googleapis.com/v1beta2/projects/remp-193ad/locations/us-central1/repositories/gcf-artifacts/packages/send_order_email {"error":{"code":404,"message":"Package \"projects/remp-193ad/locations/us-central1/repositories/gcf-artifacts/packages/send_order_email\" was not found.","status":"NOT_FOUND"}}
[debug] [2025-02-13T07:08:59.927Z] <<< [apiv2][status] GET https://us.gcr.io/v2/remp-193ad/gcf/us-central1/tags/list 404
[debug] [2025-02-13T07:08:59.927Z] <<< [apiv2][body] GET https://us.gcr.io/v2/remp-193ad/gcf/us-central1/tags/list {"errors":[{"code":"NAME_UNKNOWN","message":"Repository \"us.gcr.io\" not found"}]}
[debug] [2025-02-13T07:08:59.928Z] Failed docker command with error  Request to https://us.gcr.io/v2/remp-193ad/gcf/us-central1/tags/list had HTTP Error: 404, Not Found {"name":"FirebaseError","children":[],"context":{"body":{"errors":[{"code":"NAME_UNKNOWN","message":"Repository \"us.gcr.io\" not found"}],"error":{"message":"Not Found"}},"response":{"statusCode":404}},"exit":1,"message":"Request to https://us.gcr.io/v2/remp-193ad/gcf/us-central1/tags/list had HTTP Error: 404, Not Found","status":404}
[debug] [2025-02-13T07:08:59.932Z] Checked if tokens are valid: true, expires at: 1739432673125
[debug] [2025-02-13T07:08:59.932Z] Checked if tokens are valid: true, expires at: 1739432673125
[debug] [2025-02-13T07:08:59.932Z] >>> [apiv2][query] GET https://us.gcr.io/v2/remp-193ad/gcf/us-central1/tags/list [none]
[debug] [2025-02-13T07:09:00.147Z] <<< [apiv2][status] GET https://us.gcr.io/v2/remp-193ad/gcf/us-central1/tags/list 404
[debug] [2025-02-13T07:09:00.147Z] <<< [apiv2][body] GET https://us.gcr.io/v2/remp-193ad/gcf/us-central1/tags/list {"errors":[{"code":"NAME_UNKNOWN","message":"Repository \"us.gcr.io\" not found"}]}
[debug] [2025-02-13T07:09:00.147Z] Failed docker command with error  Request to https://us.gcr.io/v2/remp-193ad/gcf/us-central1/tags/list had HTTP Error: 404, Not Found {"name":"FirebaseError","children":[],"context":{"body":{"errors":[{"code":"NAME_UNKNOWN","message":"Repository \"us.gcr.io\" not found"}],"error":{"message":"Not Found"}},"response":{"statusCode":404}},"exit":1,"message":"Request to https://us.gcr.io/v2/remp-193ad/gcf/us-central1/tags/list had HTTP Error: 404, Not Found","status":404}
[debug] [2025-02-13T07:09:00.250Z] Checked if tokens are valid: true, expires at: 1739432673125
[debug] [2025-02-13T07:09:00.250Z] Checked if tokens are valid: true, expires at: 1739432673125
[debug] [2025-02-13T07:09:00.251Z] >>> [apiv2][query] GET https://us.gcr.io/v2/remp-193ad/gcf/us-central1/tags/list [none]
[debug] [2025-02-13T07:09:00.539Z] <<< [apiv2][status] GET https://us.gcr.io/v2/remp-193ad/gcf/us-central1/tags/list 404
[debug] [2025-02-13T07:09:00.540Z] <<< [apiv2][body] GET https://us.gcr.io/v2/remp-193ad/gcf/us-central1/tags/list {"errors":[{"code":"NAME_UNKNOWN","message":"Repository \"us.gcr.io\" not found"}]}
[debug] [2025-02-13T07:09:00.540Z] Failed docker command with error  Request to https://us.gcr.io/v2/remp-193ad/gcf/us-central1/tags/list had HTTP Error: 404, Not Found {"name":"FirebaseError","children":[],"context":{"body":{"errors":[{"code":"NAME_UNKNOWN","message":"Repository \"us.gcr.io\" not found"}],"error":{"message":"Not Found"}},"response":{"statusCode":404}},"exit":1,"message":"Request to https://us.gcr.io/v2/remp-193ad/gcf/us-central1/tags/list had HTTP Error: 404, Not Found","status":404}
[warn] ⚠  functions: Unhandled error cleaning up build images. This could result in a small monthly bill if not corrected. You can attempt to delete these images by redeploying or you can delete them manually at https://console.cloud.google.com/gcr/images/remp-193ad/us/gcf 
[debug] [2025-02-13T07:09:00.542Z] Functions deploy failed.
[debug] [2025-02-13T07:09:00.542Z] {
  "endpoint": {
    "id": "sendContactEmail",
    "project": "remp-193ad",
    "region": "us-central1",
    "entryPoint": "sendContactEmail",
    "platform": "gcfv2",
    "runtime": "nodejs22",
    "httpsTrigger": {},
    "labels": {
      "deployment-tool": "cli-firebase"
    },
    "ingressSettings": null,
    "availableMemoryMb": null,
    "serviceAccount": null,
    "timeoutSeconds": null,
    "maxInstances": null,
    "minInstances": null,
    "concurrency": 80,
    "vpc": null,
    "environmentVariables": {
      "EMAIL_USER": "seattlerealestatephoto@gmail.com",
      "EMAIL_PASS": "wdyk eaac qhea yhws",
      "FIREBASE_CONFIG": "{\"projectId\":\"remp-193ad\",\"storageBucket\":\"remp-193ad.firebasestorage.app\"}",
      "GCLOUD_PROJECT": "remp-193ad",
      "EVENTARC_CLOUD_EVENT_SOURCE": "projects/remp-193ad/locations/us-central1/services/sendContactEmail"
    },
    "codebase": "default",
    "securityLevel": "SECURE_ALWAYS",
    "cpu": 1,
    "targetedByOnly": false,
    "hash": "e8ad3b0fa61d9786db9addf58be38cfd6b4a73d6"
  },
  "op": "update",
  "original": {
    "name": "FirebaseError",
    "children": [],
    "exit": 1,
    "message": "Could not create or update Cloud Run service sendcontactemail, Container Healthcheck failed. Revision 'sendcontactemail-00001-buv' is not ready and cannot serve traffic. The user-provided container failed to start and listen on the port defined provided by the PORT=8080 environment variable within the allocated timeout. This can happen when the container port is misconfigured or if the timeout is too short. The health check timeout can be extended. Logs for this revision might contain more information.\n\nLogs URL: https://console.cloud.google.com/logs/viewer?project=remp-193ad&resource=cloud_run_revision/service_name/sendcontactemail/revision_name/sendcontactemail-00001-buv&advancedFilter=resource.type%3D%22cloud_run_revision%22%0Aresource.labels.service_name%3D%22sendcontactemail%22%0Aresource.labels.revision_name%3D%22sendcontactemail-00001-buv%22 \nFor more troubleshooting guidance, see https://cloud.google.com/run/docs/troubleshooting#container-failed-to-start",
    "original": {
      "code": 3,
      "message": "Could not create or update Cloud Run service sendcontactemail, Container Healthcheck failed. Revision 'sendcontactemail-00001-buv' is not ready and cannot serve traffic. The user-provided container failed to start and listen on the port defined provided by the PORT=8080 environment variable within the allocated timeout. This can happen when the container port is misconfigured or if the timeout is too short. The health check timeout can be extended. Logs for this revision might contain more information.\n\nLogs URL: https://console.cloud.google.com/logs/viewer?project=remp-193ad&resource=cloud_run_revision/service_name/sendcontactemail/revision_name/sendcontactemail-00001-buv&advancedFilter=resource.type%3D%22cloud_run_revision%22%0Aresource.labels.service_name%3D%22sendcontactemail%22%0Aresource.labels.revision_name%3D%22sendcontactemail-00001-buv%22 \nFor more troubleshooting guidance, see https://cloud.google.com/run/docs/troubleshooting#container-failed-to-start"
    },
    "status": 3,
    "code": 3
  }
}
[debug] [2025-02-13T07:09:00.542Z] {
  "endpoint": {
    "id": "sendOrderEmail",
    "project": "remp-193ad",
    "region": "us-central1",
    "entryPoint": "sendOrderEmail",
    "platform": "gcfv2",
    "runtime": "nodejs22",
    "httpsTrigger": {},
    "labels": {
      "deployment-tool": "cli-firebase"
    },
    "ingressSettings": null,
    "availableMemoryMb": null,
    "serviceAccount": null,
    "timeoutSeconds": null,
    "maxInstances": null,
    "minInstances": null,
    "concurrency": 80,
    "vpc": null,
    "environmentVariables": {
      "EMAIL_USER": "seattlerealestatephoto@gmail.com",
      "EMAIL_PASS": "wdyk eaac qhea yhws",
      "FIREBASE_CONFIG": "{\"projectId\":\"remp-193ad\",\"storageBucket\":\"remp-193ad.firebasestorage.app\"}",
      "GCLOUD_PROJECT": "remp-193ad",
      "EVENTARC_CLOUD_EVENT_SOURCE": "projects/remp-193ad/locations/us-central1/services/sendOrderEmail"
    },
    "codebase": "default",
    "securityLevel": "SECURE_ALWAYS",
    "cpu": 1,
    "targetedByOnly": false,
    "hash": "e8ad3b0fa61d9786db9addf58be38cfd6b4a73d6"
  },
  "op": "update",
  "original": {
    "name": "FirebaseError",
    "children": [],
    "exit": 1,
    "message": "Could not create or update Cloud Run service sendorderemail, Container Healthcheck failed. Revision 'sendorderemail-00001-xug' is not ready and cannot serve traffic. The user-provided container failed to start and listen on the port defined provided by the PORT=8080 environment variable within the allocated timeout. This can happen when the container port is misconfigured or if the timeout is too short. The health check timeout can be extended. Logs for this revision might contain more information.\n\nLogs URL: https://console.cloud.google.com/logs/viewer?project=remp-193ad&resource=cloud_run_revision/service_name/sendorderemail/revision_name/sendorderemail-00001-xug&advancedFilter=resource.type%3D%22cloud_run_revision%22%0Aresource.labels.service_name%3D%22sendorderemail%22%0Aresource.labels.revision_name%3D%22sendorderemail-00001-xug%22 \nFor more troubleshooting guidance, see https://cloud.google.com/run/docs/troubleshooting#container-failed-to-start",
    "original": {
      "code": 3,
      "message": "Could not create or update Cloud Run service sendorderemail, Container Healthcheck failed. Revision 'sendorderemail-00001-xug' is not ready and cannot serve traffic. The user-provided container failed to start and listen on the port defined provided by the PORT=8080 environment variable within the allocated timeout. This can happen when the container port is misconfigured or if the timeout is too short. The health check timeout can be extended. Logs for this revision might contain more information.\n\nLogs URL: https://console.cloud.google.com/logs/viewer?project=remp-193ad&resource=cloud_run_revision/service_name/sendorderemail/revision_name/sendorderemail-00001-xug&advancedFilter=resource.type%3D%22cloud_run_revision%22%0Aresource.labels.service_name%3D%22sendorderemail%22%0Aresource.labels.revision_name%3D%22sendorderemail-00001-xug%22 \nFor more troubleshooting guidance, see https://cloud.google.com/run/docs/troubleshooting#container-failed-to-start"
    },
    "status": 3,
    "code": 3
  }
}
[error] Error: There was an error deploying functions:
[error] - Error Failed to update function sendContactEmail in region us-central1
[error] - Error Failed to update function sendOrderEmail in region us-central1
